label,id
更年安胶囊,0
一扫光药膏,1
一洲洋参胶囊,2
一清片,3
丁卡因,4
丁桂儿脐贴,5
丁细牙痛胶囊,6
丁苯羟酸,7
丁酸氢化可的松,8
七制香附丸,9
七厘散,10
七厘胶囊,11
七叶神安,12
七叶神安分散片,13
七叶神安片,14
七叶莲片,15
七味清咽气雾剂,16
七味通痹口服液,17
七宝美髯丸,18
七氟烷,19
万应胶囊,20
万通炎康片,21
万通筋骨贴,22
三七伤药,23
三七伤药片,24
三七伤药胶囊,25
三七止血片,26
三七片,27
三七胶囊,28
三七通舒胶囊,29
三乙醇胺,30
三九胃泰,31
三九胃泰胶囊,32
三九胃泰颗粒,33
三分三浸膏片,34
三味清热止痒洗剂,35
三味龙胆花片,36
三宝胶囊,37
三拗片,38
三金片,39
三鞭酒,40
三黄片,41
上清丸,42
上清片,43
丙氨酰谷酰胺,44
丙泊酚（双异丙酚）,45
丙美卡因（丙对卡因）,46
东方胃药胶囊,47
丝白祛斑软膏,48
丝裂霉素,49
两面针镇痛片,50
中华跌打丸,51
中成药,52
中枢神经系统,53
中风回春丸,54
中风回春胶囊,55
丹七片,56
丹七胶囊,57
丹七软胶囊,58
丹参,59
丹参冲剂,60
丹参多酚酸,61
丹参多酚酸盐,62
丹参注射液,63
丹参滴注液,64
丹参舒心胶囊,65
丹参酮ⅡA磺酸钠注射液,66
丹参酮胶囊,67
丹参颗粒,68
丹栀逍遥丸,69
丹灯通脑胶囊,70
丹珍头痛胶囊,71
丹田降脂丸,72
丹皮酚,73
丹皮酚片,74
丹皮酚软膏,75
丹益片,76
丹红化瘀口服液,77
丹红注射液,78
丹膝颗粒,79
丹芎通脉颗粒,80
丹芪偏瘫胶囊,81
丹莪妇康煎膏,82
丹莪妇康颗粒,83
丹葛颈舒胶囊,84
丹葶肺心颗粒,85
丹蒌片,86
丹青胶囊,87
丹香冠心,88
丹香清脂,89
丹鳖胶囊,90
丹鹿通督片,91
丹黄祛瘀片,92
丹黄祛瘀胶囊,93
久强脑立清,94
乌灵胶囊,95
乌蛇止痒丸,96
乌贝胶囊,97
乌金片,98
乌鸡白凤,99
乌鸡白凤丸,100
乌鸡白凤片,101
乌鸡白凤胶囊,102
乐儿康糖浆,103
乐儿康颗粒,104
乐卡地平,105
乐孕宁口服液,106
乐脉丸,107
乐脉片,108
乙型流感嗜血杆菌疫苗,109
乙型肝炎免疫球蛋白,110
乙肝健片,111
乙肝宁颗粒,112
乙肝扶正胶囊,113
乙肝清热解毒胶囊,114
乙肝灵胶囊,115
乙酰半胱氨酸,116
乙酰水杨酸,117
乙醇,118
九华痔疮栓,119
九味双解口服液,120
九味沉香胶囊,121
九味痔疮胶囊,122
九味羌活,123
九味羌活丸,124
九味羌活颗粒,125
九味肝泰胶囊,126
九味镇心颗粒,127
乳块消片,128
乳增宁片,129
乳头瘤病毒疫苗,130
乳宁颗粒,131
乳安片,132
乳安胶囊,133
乳康片,134
乳核内消液,135
乳核散结片,136
乳泰胶囊,137
乳疾灵胶囊,138
乳癖康片,139
乳癖康胶囊,140
乳癖散结,141
乳癖消,142
乳癖消片,143
乳癖消胶囊,144
乳癖消颗粒,145
乳癖清片,146
乳癖舒胶囊,147
乳酸,148
乳酸依沙吖啶,149
了哥王片,150
二丁胶囊,151
二丁颗粒,152
二十五味珊瑚,153
二妙丸,154
二巯丙醇,155
二母宁嗽丸,156
二氧化碳,157
二甲双胍和吡格列酮,158
二甲双胍和磺脲类药,159
二甲双胍和西格列汀,160
二甲弗林,161
二甲硅油,162
二益丸,163
二硫化硒,164
二磷酸果糖,165
二陈丸,166
云南白药创可贴,167
云南白药气雾剂,168
云南白药胶囊,169
云南白药膏,170
云南白药酊,171
云南红药,172
云南红药胶囊,173
云胃宁胶囊,174
云芝多糖,175
云香精,176
五加生化胶囊,177
五味子颗粒,178
五味安神颗粒,179
五味治肝片,180
五味麝香丸,181
五妙水仙膏,182
五子衍宗丸,183
五子衍宗软胶囊,184
五松肿痛酊,185
五柏参洗液,186
五桂温经片,187
五海瘿瘤丸,188
五淋化石丸,189
五淋化石胶囊,190
五灵丸,191
五灵止痛胶囊,192
五灵肝复胶囊,193
五福化毒片,194
五粒回春丸,195
五苓胶囊,196
五酯丸(五酯微丸),197
五酯滴丸,198
五酯片,199
五酯胶囊,200
亚甲膦酸锝(99mTc),201
亚甲蓝,202
亚硝酸异戊酯,203
亚硝酸钠,204
亚麻子,205
产后康膏,206
产后逐瘀,207
产后逐瘀片,208
产后逐瘀胶囊,209
产复康,210
产复康颗粒,211
产复欣颗粒,212
产妇安,213
产妇安口服液,214
产妇安合剂,215
产妇安胶囊,216
产妇安颗粒,217
产妇康洗液,218
京万红软膏,219
京制咳嗽痰喘丸,220
京制牛黄解毒片,221
京都念慈菴蜜炼川贝枇杷膏,222
亮丙瑞林（利普安）,223
人丹,224
人参五味子糖浆,225
人参健脾丸,226
人参健脾片,227
人参养荣丸,228
人参再造丸,229
人参北芪胶囊,230
人参归脾,231
人参归脾丸,232
人参片,233
人参蜂王浆胶囊,234
人参败毒胶囊,235
人纤维蛋白原,236
仁丹,237
他克莫司,238
他卡西醇,239
他扎罗汀,240
仙乐雄胶囊,241
仙戟补肾胶囊,242
仙桃草膏,243
仙灵骨葆,244
仙灵骨葆胶囊,245
仙蟾片,246
仙鹿口服液,247
代温灸膏,248
仲景胃灵,249
伊托必利,250
伊木萨克片,251
伊痛舒注射液,252
伊立替康,253
伊血安颗粒,254
伊达比星,255
众生丸,256
众生片,257
众生胶囊,258
优福宁胶囊,259
伤寒疫苗,260
伤湿止痛膏,261
伤湿祛痛膏,262
伤痛宁,263
伤痛宁片,264
伤科万花油,265
伤科接骨,266
伤科活血酊,267
伤科灵喷雾剂,268
伤科跌打片,269
伤科跌打胶囊,270
伤风停胶囊,271
伸筋丹,272
伸筋片,273
低分子肝素钙注射液,274
依匹斯汀,275
依托咪酯（甲苄咪唑，嘧羟酯）,276
依托泊苷,277
依托芬那酯,278
依美斯汀,279
依达拉奉,280
依那普利和利尿药,281
依降钙素,282
依马打正红花油,283
便乃通茶,284
便秘通,285
便通片,286
便通胶囊,287
促卵泡素 delta,288
促甲状腺素,289
促肾上腺皮质激素,290
保儿宁颗粒,291
保儿安颗粒,292
保利尔胶囊,293
保和丸,294
保和口服液,295
保和咀嚼片,296
保和颗粒,297
保妇康,298
保妇康栓,299
保婴丹,300
保心宁片,301
保心宁胶囊,302
保心安油,303
保济丸,304
保济口服液,305
保胃胶囊,306
保胎丸,307
保胎无忧片,308
保胎无忧胶囊,309
保胎灵片,310
保胎灵胶囊,311
倍他洛尔,312
倍他米松,313
倍他米松和抗感染药,314
倍他米松和抗生素的复方,315
倍他米松和灭菌药的复方,316
倍氯米松,317
倍芪腹泻贴,318
偏瘫复原丸,319
健妇胶囊,320
健宝灵片,321
健民咽喉片,322
健肝乐颗粒,323
健肝灵胶囊,324
健肾生发丸,325
健胃愈疡,326
健胃消炎,327
健胃消食,328
健胃消食片,329
健脑丸,330
健脑安神片,331
健脑灵片,332
健脑胶囊,333
健脑补肾丸,334
健脾丸,335
健脾冲剂,336
健脾止泻宁颗粒,337
健脾生血颗粒,338
健脾益肾颗粒,339
健脾糕片,340
健脾补血颗粒,341
健阳胶囊,342
健骨注射液,343
催乳颗粒,344
儿咳糖浆,345
儿宝膏,346
儿宝颗粒,347
儿康宁,348
儿感退热宁口服液,349
儿泻停颗粒,350
儿滞灵冲剂,351
儿童咳液,352
儿童回春颗粒,353
儿童感热清丸,354
儿童清咽解热口服液,355
儿童清肺,356
儿肤康搽剂,357
儿脾醒颗粒,358
元七骨痛酊,359
元和正胃片,360
元胡止痛,361
元胡止痛滴丸,362
元胡止痛片,363
元胡止痛胶囊,364
元胡止痛软胶囊,365
元胡胃舒胶囊,366
克伤痛搽剂,367
克佐替尼,368
克咳片,369
克咳胶囊,370
克感利咽口服液,371
克林霉素,372
克林霉素，复方,373
克比热提片,374
克痒舒洗液,375
克痤隐酮乳膏,376
克痤隐酮凝胶,377
克痹骨泰胶囊,378
克癀胶囊,379
克银丸,380
克霉唑,381
全天麻咀嚼片,382
全天麻片,383
全天麻胶囊,384
全身麻醉药,385
全鹿丸,386
全龟胶囊,387
八味沉香,388
八味秦皮丸,389
八味肉桂胶囊,390
八宝五胆药墨,391
八宝惊风散,392
八宝眼膏,393
八正合剂,394
八正片,395
八正胶囊,396
八珍丸,397
八珍片,398
八珍益母,399
八珍益母丸,400
八珍益母胶囊,401
八珍胶囊,402
八珍颗粒,403
八珍鹿胎颗粒,404
六一散,405
六君子丸,406
六味五灵,407
六味地黄,408
六味地黄丸,409
六味地黄丸(水丸),410
六味地黄胶囊,411
六味地黄颗粒,412
六味安消,413
六味安消胶囊,414
六味木香胶囊,415
六味消痔,416
六味消痔胶囊,417
六味能消,418
六味能消丸,419
六味香连胶囊,420
六氟化硫,421
六神丸,422
六神曲,423
六神胶囊,424
六锐胶囊,425
关节止痛膏,426
关通舒胶囊,427
其它,428
其它各类治疗用药品,429
其它抗血栓形成药,430
其它消化道和代谢药物,431
其它精神兴奋药和益智药,432
其它脑膜炎球菌疫苗单价纯化多糖抗原,433
养心定悸胶囊,434
养心定悸颗粒,435
养心达瓦依米西克蜜膏,436
养正合剂,437
养正消积胶囊,438
养胃冲剂,439
养胃舒,440
养血口服液,441
养血安神片,442
养血安神糖浆,443
养血当归糖浆,444
养血当归糖浆(养血当归精),445
养血清脑丸,446
养血清脑颗粒,447
养血生发胶囊,448
养血饮,449
养血饮口服液,450
养阴口香合剂,451
养阴清肺,452
养阴清肺丸,453
养阴清肺颗粒,454
养阴清胃颗粒,455
养阴生血合剂,456
养阴降压胶囊,457
养阴降糖片,458
内消瘰疬丸,459
再造生血片,460
再障生血片,461
冠心丸,462
冠心丹参滴丸,463
冠心丹参片,464
冠心丹参胶囊,465
冠心宁注射液,466
冠心安滴丸,467
冠心康片,468
冠心泰丸,469
冠心生脉丸,470
冠心舒通胶囊,471
冠心苏合丸,472
冠心静胶囊,473
冠脉宁片,474
冬凌草,475
冬凌草片,476
冬凌草糖浆,477
冯了性风湿跌打药酒,478
冰栀伤痛气雾剂,479
冰珍去翳滴眼液,480
冰珍清目滴眼液,481
冰硼含片,482
冰硼散,483
冰连滴耳剂,484
冰黄肤乐,485
冰黄肤乐软膏,486
冰黄软膏,487
净石灵胶囊,488
凉血解毒颗粒,489
凉解感冒合剂,490
凝血因子Ⅸ,491
凝血酶,492
创灼膏,493
利咽灵片,494
利咽解毒颗粒,495
利多卡因（赛罗卡因）,496
利多卡因，复方,497
利夫康洗剂,498
利妥昔单抗,499
利尿药,500
利拉鲁肽,501
利福昔明,502
利福霉素,503
利肝隆,504
利肺片,505
利肺胶囊,506
利胆排石,507
利胆排石片,508
利胆止痛,509
利脑心片,510
利舍平复方,511
利舒康胶囊,512
利鼻片,513
制霉素（制霉菌素）,514
制霉素，复方,515
制首乌颗粒,516
刺五加,517
刺五加注射液,518
刺五加片,519
刺五加胶囊,520
刺五加脑灵液,521
刺五加颗粒,522
前列倍喜,523
前列回春,524
前列安栓,525
前列安通片,526
前列安通胶囊,527
前列康,528
前列康舒胶囊,529
前列泰胶囊,530
前列癃闭通胶囊,531
前列癃闭通颗粒,532
前列舒丸,533
前列舒乐,534
前列舒乐片,535
前列舒乐胶囊,536
前列舒乐颗粒,537
前列舒通胶囊,538
前列通片,539
前列通瘀片,540
前列通胶囊,541
前列金丹,542
前列闭尔通栓,543
力补金秋胶囊,544
功劳去火片,545
加味八珍益母膏,546
加味天麻,547
加味天麻胶囊,548
加味左金丸,549
加味烂积丸,550
加味生化,551
加味藿香正气丸(藿香正气丸),552
加味逍遥丸,553
加味逍遥胶囊,554
加替沙星,555
勒马回片,556
勒马回胶囊,557
化滞柔肝颗粒,558
化痔栓,559
化痔灵片,560
化痔片,561
化痔胶囊,562
化痰平喘片,563
化瘀祛斑胶囊,564
化瘀舒经胶囊,565
化瘀镇痛胶囊,566
化积口服液,567
化风丹,568
北芪片,569
北豆根,570
北豆根片,571
北豆根胶囊,572
十一味参芪片,573
十一味参芪胶囊,574
十一烯酸,575
十全大补丸,576
十八味党参丸,577
十味玉泉胶囊,578
十味蒂达,579
十味蒂达胶囊,580
十味龙胆花颗粒,581
十滴水,582
千山活血膏,583
千柏鼻炎片,584
升血小板胶囊,585
升血调元汤,586
升血调元颗粒,587
升麻,588
午时茶颗粒,589
半乳糖苷酶,590
半夏曲,591
半夏止咳,592
半夏止咳糖浆,593
半夏糖浆,594
半枝莲片,595
华佗再造丸,596
华佗膏,597
华蟾素注射液,598
华蟾素片,599
华蟾素胶囊,600
单克隆抗体类,601
博尔宁胶囊,602
博性康药膜,603
博来霉素（争光霉素）,604
卡培他滨,605
卡巴克络（安络血，肾上腺色素缩氨脲）,606
卡替洛尔,607
卡泊三醇复方,608
卡泊三醇（钙泊三醇）,609
卡莫司汀（卡氮芥，亚硝脲氮芥）,610
卡莫氟（氟基嘧啶）,611
卡那霉素,612
卡铂,613
卤米松,614
厄洛替尼,615
厄贝沙坦和利尿药,616
厌食康颗粒,617
厚朴排气合剂,618
去感热口服液,619
去感热注射液,620
去氧孕烯和炔雌醇,621
去氧肾上腺素,622
去铁胺,623
参一胶囊,624
参七心疏片,625
参三七伤药片,626
参丹散结胶囊,627
参仙升脉口服液,628
参仙生脉口服液,629
参坤养血颗粒,630
参子洗剂,631
参归养血片,632
参术儿康糖浆,633
参松养心,634
参松养心胶囊,635
参柏洗液,636
参柏舒阴洗液,637
参柴肝康片,638
参柴肝康软胶囊,639
参柴颗粒,640
参桂胶囊,641
参维灵片,642
参芍胶囊,643
参芎胶囊,644
参芪五味子,645
参芪五味子片,646
参芪五味子胶囊,647
参芪健胃,648
参芪力得康片,649
参芪十一味颗粒,650
参芪扶正,651
参芪扶正注射液,652
参芪肝康,653
参芪肝康片,654
参芪阿胶胶囊,655
参芪降糖,656
参芪降糖片,657
参芪降糖颗粒,658
参芪颗粒,659
参苏丸,660
参苓白术散,661
参苓白术片,662
参苓白术颗粒,663
参茯胶囊,664
参茸保胎丸,665
参茸安神片,666
参茸强肾片,667
参茸白凤丸,668
参茸鞭丸,669
参莲胶囊,670
参虎解毒丸,671
参贝止咳颗粒,672
参附注射液,673
参鹿健肺胶囊,674
参麦注射液,675
参龙宁心胶囊,676
双丹片,677
双子参洗液,678
双料喉风散,679
双橘颗粒,680
双氢麦角汀,681
双氯芬酸,682
双氯芬酸，复方,683
双花百合片,684
双藤筋骨片,685
双虎清肝颗粒,686
双辛鼻窦炎颗粒,687
双醋瑞因（双醋瑞蒽，地蒽林）,688
双金胃疡胶囊,689
双金胃肠胶囊,690
双金连合剂,691
双骨三子胶囊,692
双黄消炎片,693
双黄连,694
双黄连口服液,695
双黄连含片,696
双黄连咀嚼片,697
双黄连注射液,698
双黄连滴眼剂,699
双黄连片,700
双黄连粉针剂,701
双黄连胶囊,702
双黄连软胶囊,703
双黄连颗粒,704
口服二价铁制剂,705
口洁含漱液,706
口洁喷雾剂,707
口炎清,708
口炎清颗粒,709
口腔溃疡散,710
口腔炎喷雾剂,711
古汉养生精口服液(古汉养生精),712
可乐定,713
可吸收的明胶海绵,714
可待因，与非安定药的复方,715
可的松,716
右布洛芬,717
右归胶囊,718
右旋糖酐,719
右美托咪定,720
右酮洛芬,721
叶下珠片,722
叶下珠胶囊,723
叶下珠颗粒,724
叶金排石胶囊,725
吉法酯（合欢香叶酯）,726
吉米沙星,727
吉西他滨,728
同仁乌鸡白凤丸,729
吡柔比星（4'-O-四氢吡喃阿霉素）,730
吡硫翁锌,731
吡罗昔康,732
吡美莫司,733
吡非尼酮,734
启脾丸,735
启脾口服液,736
吲哚布芬,737
吲哚美辛,738
吲哚美辛和抗感染药,739
吲哚美辛，复方,740
吲哚菁绿,741
呋喃唑酮,742
呋喃西林,743
呱西替柳（呱西替沙，醋柳愈酯，醋柳酯）,744
呼吸系统,745
和兴白花油,746
和络舒肝片,747
和胃止痛胶囊,748
和胃疗疳颗粒,749
和胃降逆胶囊,750
和血明目,751
和血明目片,752
咪喹莫特,753
咪康唑,754
咪达普利,755
咳喘顺丸,756
咳感康口服液,757
咳灵胶囊,758
咳特灵片,759
咳特灵胶囊,760
咳速停,761
咳露口服液,762
咽康含片,763
咽炎片,764
咽立爽口含滴丸,765
哈西奈德（哈西缩松，氯氟舒松）,766
哌库溴铵,767
喉咽清口服液,768
喉康散,769
喉疾灵,770
喉疾灵片,771
喉疾灵胶囊,772
喉症丸,773
喉痛灵片,774
喉痛灵颗粒,775
喉舒宁,776
喉舒宁片,777
喘可治,778
喘可治注射液,779
喘泰颗粒,780
喜炎平注射液,781
喷昔洛韦,782
噻吗洛尔,783
四制香附丸,784
四君子合剂,785
四君子颗粒,786
四味珍层冰硼滴眼液,787
四妙丸,788
四季平安油,789
四季抗病毒合剂,790
四季抗病毒胶囊,791
四季青片,792
四方胃片,793
四消丸,794
四物合剂,795
四环素,796
四环素及其衍生物,797
四环素的复方,798
四环素类,799
四磨汤口服液,800
四神丸,801
四神片,802
四逆散,803
回春丹,804
回春如意胶囊,805
回生口服液,806
固元颗粒,807
固本咳喘,808
固本益肠片,809
固肠止泻丸,810
固肾口服液,811
固肾安胎丸,812
固肾定喘丸,813
国公酒,814
土霉素,815
地佐辛,816
地塞米松,817
地塞米松和抗生素的复方,818
地塞米松，复方,819
地奈德,820
地奥司明,821
地奥心血康,822
地奥心血康胶囊,823
地奥心血康软胶囊,824
地尔硫卓,825
地屈孕酮和雌激素,826
地拉罗司,827
地榆升白片,828
地氟烷,829
地牡宁神口服液,830
地红霉素 ,831
地西他滨,832
地贞颗粒,833
地锦草,834
地锦草胶囊,835
地龙注射液,836
坎离砂,837
坐珠达西,838
坤净栓,839
坤复康片,840
坤复康胶囊,841
坤宁口服液,842
坤宁颗粒,843
坤宝丸,844
坤泰胶囊,845
坤灵丸,846
坦索罗辛/索非那新,847
垂盆草,848
垂盆草冲剂,849
垂盆草片,850
垂盆草颗粒,851
培元通脑胶囊,852
培坤丸,853
培多普利/氨氯地平/吲哒帕胺,854
培美曲塞,855
培门冬酶,856
塞曲司特,857
塞来昔布,858
增乳膏,859
增抗宁胶囊,860
增效气管炎,861
壮筋续骨丸,862
壮腰健肾,863
壮腰健肾丸,864
壮骨关节丸,865
壮骨关节胶囊,866
壮骨麝香止痛膏,867
壳脂胶囊,868
复方丁香开胃贴,869
复方万年青胶囊,870
复方三七胶囊,871
复方丹参,872
复方丹参丸,873
复方丹参含片,874
复方丹参滴丸,875
复方丹参片,876
复方丹蛭片,877
复方乌鳢口服液,878
复方乌鸡口服液,879
复方乌鸡颗粒,880
复方五仁醇胶囊,881
复方仙鹤草肠炎胶囊,882
复方伤痛胶囊,883
复方伸筋胶囊,884
复方公英,885
复方公英片,886
复方冬凌草含片,887
复方决明片,888
复方刺五加片,889
复方南五加口服液,890
复方南星止痛膏,891
复方南板蓝根片,892
复方卡力孜然酊,893
复方双花颗粒,894
复方土槿皮酊,895
复方土荆皮凝胶,896
复方地茯口服液,897
复方地龙片,898
复方地龙胶囊,899
复方塞隆胶囊,900
复方夏天无片,901
复方大红袍止血片,902
复方天仙胶囊,903
复方天麻颗粒,904
复方太子参颗粒,905
复方小儿退热栓,906
复方山金车花贴片,907
复方岗松止痒洗液,908
复方岗松洗液,909
复方岩连片,910
复方川芎胶囊,911
复方川贝母片,912
复方川贝清喉喷雾剂,913
复方川贝精片,914
复方当归注射液,915
复方感冒灵片,916
复方扶芳藤合剂,917
复方斑蝥胶囊,918
复方斯亚旦生发酊,919
复方新霉素多粘菌素滴眼液,920
复方新霉素滴耳液,921
复方木尼孜其颗粒,922
复方木芙蓉涂鼻软膏（复方木芙蓉涂鼻膏）,923
复方木鸡颗粒,924
复方杏香兔耳风胶囊,925
复方板蓝根,926
复方枣仁胶囊,927
复方桔梗止咳片,928
复方气管炎片,929
复方沙棘籽油栓,930
复方活脑舒胶囊,931
复方海蛇,932
复方消痔栓,933
复方清带灌注液,934
复方灵芝颗粒,935
复方熊胆滴眼液,936
复方熊胆通鼻喷雾剂,937
复方牙痛宁,938
复方牛黄消炎胶囊,939
复方猴头胶囊,940
复方玄驹胶囊,941
复方珍珠暗疮胶囊,942
复方瓜子金颗粒,943
复方甘草片,944
复方田七胃痛胶囊,945
复方百部止咳糖浆,946
复方皂矾丸,947
复方益母片,948
复方益母胶囊,949
复方益肝灵片,950
复方石斛片,951
复方石淋通片,952
复方石韦胶囊,953
复方硫磺乳膏,954
复方硫黄乳膏,955
复方祖司麻止痛膏,956
复方积雪草片,957
复方穿心莲,958
复方穿心莲片,959
复方紫草油,960
复方红衣补血口服液,961
复方红豆杉胶囊,962
复方羊角颗粒,963
复方羚角降压,964
复方肝炎颗粒,965
复方肾炎片,966
复方胃宁片,967
复方胃痛胶囊,968
复方胆通片,969
复方芙蓉泡腾栓,970
复方芩兰口服液,971
复方苁蓉益智胶囊,972
复方苦参水杨酸散,973
复方苦参注射液,974
复方苦参洗剂,975
复方苦木消炎分散片,976
复方苦木消炎片,977
复方苦木消炎胶囊,978
复方草珊瑚,979
复方草珊瑚含片,980
复方蒲公英注射液,981
复方蒲芩胶囊,982
复方蚂蚁养肝胶囊,983
复方蛇胆川贝散,984
复方蛇脂软膏,985
复方血栓通,986
复方血栓通滴丸,987
复方血栓通片,988
复方血栓通胶囊,989
复方补骨脂,990
复方金蒲片,991
复方金钱草颗粒,992
复方金银花冲剂,993
复方金银花颗粒,994
复方银杏通脉口服液,995
复方阿胶浆,996
复方陈香胃片,997
复方降脂片,998
复方雪莲,999
复方雪莲烧伤膏,1000
复方青黛丸,1001
复方青黛胶囊,1002
复方风湿宁注射液,1003
复方风湿宁片,1004
复方风湿宁胶囊,1005
复方鱼腥草,1006
复方鱼腥草合剂,1007
复方鱼腥草滴丸,1008
复方鱼腥草片,1009
复方鱼腥草糖浆,1010
复方鱼腥草胶囊,1011
复方鱼腥草颗粒,1012
复方鲜竹沥液,1013
复方鳖甲软肝片,1014
复方鸡内金,1015
复方鹿茸健骨胶囊,1016
复方麝香注射液,1017
复方黄松洗液,1018
复方黄松湿巾,1019
复方黄柏液,1020
复方黄柏液涂剂,1021
复方黄芩含漱液,1022
复方黄芩片,1023
复方黄芪健脾口服液,1024
复方黄藤洗液,1025
复方黄连素,1026
复方黄连素片,1027
复方黄黛片,1028
复方鼻炎膏,1029
复明片,1030
复明胶囊,1031
复肝宁片,1032
复肝康颗粒,1033
复胃散片,1034
夏天无,1035
夏天无注射液,1036
夏天无眼药水,1037
夏天无胶囊,1038
夏枯草,1039
夏枯草口服液,1040
夏枯草片,1041
夏枯草膏,1042
夏枯草颗粒,1043
夏桑菊颗粒,1044
外伤如意膏,1045
外搽白灵酊,1046
外用溃疡散,1047
多塞平,1048
多柔比星（阿霉素）,1049
多烯紫杉醇（多西他赛）,1050
多粘菌素B,1051
多索茶碱,1052
多西环素,1053
多酶(脂肪酶、蛋白酶等),1054
夜宁颗粒,1055
大七厘片,1056
大卫颗粒,1057
大山楂丸,1058
大株红景天注射液,1059
大株红景天胶囊,1060
大活络丸,1061
大活络胶囊,1062
大环内酯类,1063
大败毒胶囊,1064
大黄  虫丸,1065
大黄  虫片,1066
大黄  虫胶囊,1067
大黄利胆片,1068
大黄利胆胶囊,1069
大黄蛰虫,1070
大黄通便,1071
大黄通便片,1072
大黄通便颗粒,1073
天一止咳糖浆,1074
天丹通络胶囊,1075
天智颗粒,1076
天然胡萝卜素胶丸,1077
天王补心丸,1078
天舒片,1079
天舒胶囊,1080
天蚕胶囊,1081
天麻丸,1082
天麻壮骨丸,1083
天麻头风灵,1084
天麻片,1085
天麻眩晕宁合剂,1086
天麻胶囊,1087
天麻蜜环菌片,1088
天麻醒脑胶囊,1089
天麻钩藤颗粒,1090
天麻首乌片,1091
天麻首乌胶囊,1092
天黄猴枣散,1093
太子金颗粒,1094
太极通天液,1095
夫西地酸,1096
头孢呋辛,1097
头孢噻肟与β-内酰胺酶抑制剂,1098
头痛宁胶囊,1099
头风痛胶囊,1100
奇应内消膏,1101
奇正消痛贴膏,1102
奈替米星,1103
奈福泮,1104
奥布卡因（氨布卡因）,1105
奥希替尼,1106
奥拉西坦（脑复智，奥拉酰胺，4-羟基脑复康）,1107
奥昔康唑,1108
奥替溴铵,1109
奥沙利铂,1110
奥沙普秦,1111
奥洛他定,1112
奥硝唑,1113
奥美沙坦美索酯和利尿药,1114
女宝胶囊,1115
女珍颗粒,1116
女金片,1117
女金胶囊,1118
如意珍宝丸,1119
如意金黄散,1120
妇乐冲剂,1121
妇乐片,1122
妇乐糖浆,1123
妇乐胶囊,1124
妇乐颗粒,1125
妇可靖胶囊,1126
妇宁康片,1127
妇宁栓,1128
妇宁胶囊,1129
妇尔爽外用胶囊,1130
妇平胶囊,1131
妇康丸,1132
妇康口服液,1133
妇康宁,1134
妇康宁片,1135
妇康宁胶囊,1136
妇康宝,1137
妇康宝煎膏,1138
妇康宝颗粒,1139
妇康栓,1140
妇康片,1141
妇得康泡沫剂,1142
妇必舒阴道泡腾片,1143
妇月康片,1144
妇月康胶囊,1145
妇洁舒洗液,1146
妇洁阴洗液,1147
妇炎净片,1148
妇炎净胶囊,1149
妇炎平胶囊,1150
妇炎平阴道泡腾片,1151
妇炎康,1152
妇炎康复,1153
妇炎康复片,1154
妇炎康复胶囊,1155
妇炎康片,1156
妇炎康胶囊,1157
妇炎康软胶囊,1158
妇炎康颗粒,1159
妇炎消口服液,1160
妇炎消胶囊,1161
妇炎清洗剂,1162
妇炎灵,1163
妇炎灵栓,1164
妇炎灵泡腾片,1165
妇炎舒片,1166
妇炎舒胶囊,1167
妇科养坤丸,1168
妇科养荣胶囊,1169
妇科再造丸,1170
妇科再造胶囊,1171
妇科千金,1172
妇科千金片,1173
妇科千金胶囊,1174
妇科止带片,1175
妇科止痒胶囊,1176
妇科止血灵,1177
妇科白凤口服液,1178
妇科白带胶囊,1179
妇科调经片,1180
妇肤康喷雾剂,1181
妇舒丸,1182
妇良片,1183
妇血安片,1184
妇血康,1185
妇血康颗粒,1186
妙济丸,1187
妥布霉素,1188
姜冲剂,1189
姜颗粒,1190
姜黄消痤搽剂,1191
威灵骨刺膏,1192
威麦宁胶囊,1193
娃娃宁泡腾片,1194
婴儿健脾口服液,1195
婴儿健脾散,1196
婴儿安片,1197
婴儿素,1198
嫦娥加丽丸,1199
孕二烯酮和炔雌醇,1200
孕妇清火丸,1201
孕妇金花,1202
孕康口服液,1203
孕康颗粒,1204
季德胜蛇药片,1205
宁坤丸,1206
宁心宝胶囊,1207
宁泌泰胶囊,1208
宁神补心片,1209
安中片,1210
安乐片,1211
安他唑啉,1212
安儿宁颗粒,1213
安坤颗粒,1214
安宫止血颗粒,1215
安宫牛黄,1216
安宫牛黄丸,1217
安宫降压丸,1218
安康欣胶囊,1219
安康颗粒,1220
安替可胶囊,1221
安眠补脑口服液,1222
安神丸,1223
安神健脑液,1224
安神片,1225
安神胶囊,1226
安神补心,1227
安神补脑,1228
安神补脑液,1229
安神补脑片,1230
安神补脑颗粒,1231
安络化纤丸,1232
安络痛片,1233
安络痛胶囊,1234
安胃止痛散,1235
安胃疡胶囊,1236
安胃颗粒,1237
安胎丸,1238
安脑丸,1239
定喘止咳,1240
定喘止咳胶囊,1241
定坤丹,1242
宝儿康散,1243
宝咳宁,1244
宝咳宁颗粒,1245
宝宝一贴灵,1246
宣肺止嗽合剂,1247
宫炎平滴丸,1248
宫炎平片,1249
宫炎平胶囊,1250
宫炎康,1251
宫炎康颗粒,1252
宫环养血颗粒,1253
宫瘤宁片,1254
宫瘤宁胶囊,1255
宫瘤消胶囊,1256
宫瘤清片,1257
宫瘤清胶囊,1258
宫瘤清颗粒,1259
宫血停,1260
宫血停颗粒,1261
宫血宁,1262
宫血宁胶囊,1263
宫颈炎康栓,1264
宽胸气雾剂,1265
富血口服液,1266
富马酸亚铁,1267
寒喘祖帕颗粒,1268
对乙酰氨基酚，与安定药的复方,1269
对乙酰氨基酚，与非安定药的复方,1270
射干利咽口服液,1271
射干抗病毒,1272
小儿七星茶口服液,1273
小儿七星茶糖浆,1274
小儿七星茶颗粒,1275
小儿七珍丸,1276
小儿健脾开胃合剂,1277
小儿健脾颗粒(宝宝乐),1278
小儿化痰止咳,1279
小儿化痰止咳颗粒,1280
小儿化食口服液,1281
小儿厌食颗粒,1282
小儿双清颗粒,1283
小儿双金清热口服液,1284
小儿咳喘灵,1285
小儿咳喘灵冲剂,1286
小儿咳喘灵口服液,1287
小儿咳喘灵泡腾片,1288
小儿咳喘灵泡腾颗粒,1289
小儿咳喘灵颗粒,1290
小儿咳嗽宁糖浆,1291
小儿咽扁颗粒,1292
小儿喜食糖浆,1293
小儿奇应丸,1294
小儿定喘口服液,1295
小儿宝泰康颗粒,1296
小儿宣肺止咳颗粒,1297
小儿广朴止泻口服液,1298
小儿康颗粒,1299
小儿感冒,1300
小儿感冒冲剂,1301
小儿感冒宁合剂,1302
小儿感冒宁糖浆,1303
小儿感冒散,1304
小儿感冒退热糖浆,1305
小儿感冒颗粒,1306
小儿扶脾颗粒,1307
小儿智力糖浆,1308
小儿柴桂退热颗粒,1309
小儿止咳,1310
小儿止咳糖浆,1311
小儿泻速停颗粒,1312
小儿消积止咳,1313
小儿消积止咳口服液,1314
小儿消食咀嚼片,1315
小儿消食颗粒,1316
小儿清咽颗粒,1317
小儿清热利肺口服液,1318
小儿清热感冒片,1319
小儿清热止咳口服液,1320
小儿清热止咳糖浆,1321
小儿清热止咳颗粒,1322
小儿清肺八味丸,1323
小儿清肺化痰,1324
小儿清肺止咳,1325
小儿清肺颗粒,1326
小儿热咳口服液,1327
小儿热咳清胶囊,1328
小儿热速清,1329
小儿热速清口服液,1330
小儿热速清颗粒,1331
小儿牛黄清心散,1332
小儿珍贝散,1333
小儿珠珀散(原名:珠珀猴枣散),1334
小儿生血糖浆,1335
小儿白贝止咳糖浆,1336
小儿百部止咳糖浆,1337
小儿肠胃康颗粒,1338
小儿肺咳颗粒,1339
小儿肺热咳喘口服液,1340
小儿肺热咳喘颗粒,1341
小儿脐风散,1342
小儿脾健灵糖浆,1343
小儿腹泻宁(泡腾颗粒),1344
小儿腹泻宁合剂,1345
小儿腹泻宁糖浆,1346
小儿腹泻贴,1347
小儿至宝丸,1348
小儿葫芦散,1349
小儿解感片,1350
小儿解感颗粒,1351
小儿解表口服液,1352
小儿解表止咳口服液,1353
小儿解表颗粒,1354
小儿豉翘清热颗粒,1355
小儿退热口服液,1356
小儿金翘颗粒,1357
小儿麻甘颗粒,1358
小建中胶囊,1359
小柴胡汤丸,1360
小柴胡片,1361
小柴胡胶囊,1362
小柴胡颗粒,1363
小活络丸(大蜜丸),1364
小败毒膏,1365
小金丸,1366
小金片,1367
小金胶囊,1368
小青龙合剂,1369
少林风湿跌打膏,1370
少腹逐瘀丸,1371
少腹逐瘀胶囊,1372
少腹逐瘀颗粒,1373
尪痹片,1374
尪痹胶囊,1375
尼可地尔,1376
尼洛替尼,1377
尼美舒利,1378
尼莫司汀,1379
尼麦角林（麦角溴烟酯，瑟米恩）,1380
尿塞通片,1381
尿感宁颗粒,1382
尿毒清,1383
尿毒清颗粒(无糖型),1384
尿清舒颗粒,1385
尿石通丸,1386
尿素,1387
尿路通片,1388
局部麻醉药,1389
屈螺酮和炔雌醇,1390
屏风生脉胶囊,1391
展筋活血散,1392
山东阿胶膏,1393
山梨醇,1394
山梨醇（山梨糖醇）,1395
山楂丸,1396
山楂麦曲颗粒,1397
山海丹,1398
山玫胶囊,1399
山白消食合剂,1400
山绿茶降压片,1401
山葛开胃口服液,1402
山葡健脾颗粒,1403
山蜡梅叶片,1404
山蜡梅叶颗粒,1405
山香圆片,1406
岩鹿乳康胶囊,1407
川百止痒洗剂,1408
川芎清脑颗粒,1409
川芎茶调丸,1410
川芎茶调口服液,1411
川芎茶调片,1412
川芎茶调颗粒,1413
川蛭通络胶囊,1414
川贝枇杷,1415
川贝枇杷片,1416
川贝枇杷糖浆,1417
川贝枇杷胶囊,1418
川贝枇杷膏,1419
川贝枇杷露,1420
川贝止咳露,1421
川贝清肺,1422
川贝清肺糖浆,1423
川贝雪梨,1424
川黄口服液,1425
左卡巴斯汀,1426
左布比卡因,1427
左布诺洛尔,1428
左归丸,1429
左氧氟沙星,1430
左炔诺孕酮,1431
左甲状腺素和碘塞罗宁的复方,1432
左羟丙哌嗪,1433
左金片,1434
巯嘌呤（乐疾宁，麦卡累金，6-巯基嘌呤）,1435
己烯雌酚,1436
巴戟口服液,1437
巴戟天寡糖胶囊,1438
巴曲酶,1439
巴特日七味丸,1440
布地奈德,1441
布替萘芬,1442
布比卡因,1443
布洛芬,1444
布洛芬，复方,1445
帕拉米韦,1446
帕珠沙星,1447
干扰素,1448
平喘抗炎胶囊,1449
平消片,1450
平消胶囊,1451
平溃散,1452
平痔胶囊,1453
平眩胶囊,1454
幼泻宁颗粒,1455
广东凉茶,1456
广东神曲,1457
庆大霉素,1458
康乐鼻炎片,1459
康复新液,1460
康复春口服液,1461
康复灵栓,1462
康妇凝胶,1463
康妇消炎栓,1464
康妇灵胶囊,1465
康妇炎胶囊,1466
康妇软膏,1467
康尔心胶囊,1468
康肾颗粒,1469
康艾,1470
康艾扶正片,1471
康艾扶正胶囊,1472
康艾注射液,1473
康莱特注射液,1474
康莱特软胶囊,1475
延参健胃胶囊,1476
延胡胃安胶囊,1477
建曲,1478
开喉剑喷雾剂(儿童型),1479
开胸顺气丸,1480
异丙嗪,1481
异丙嗪，复方,1482
异丙醇,1483
异帕米星,1484
异氟烷（异氟醚，福仑）,1485
异烟肼，复方,1486
异环磷酰胺（和乐生）,1487
异维A酸,1488
异维A酸，复方,1489
强力天麻杜仲丸,1490
强力天麻杜仲胶囊,1491
强力定眩片,1492
强力定眩胶囊,1493
强力枇杷,1494
强力枇杷胶囊,1495
强力枇杷露,1496
强力止咳宁胶囊,1497
强力痔根断,1498
强力脑清素片,1499
强力蜂乳浆胶丸,1500
强筋健骨丸,1501
强筋健骨胶囊,1502
强肝丸,1503
强肝片,1504
强肝糖浆,1505
强肝胶囊,1506
强肾片,1507
强腰壮骨膏,1508
强身胶囊,1509
强骨胶囊,1510
归元筋骨宁湿敷剂,1511
归脾丸,1512
归脾合剂,1513
归脾片,1514
归脾颗粒,1515
归芍地黄丸,1516
归芍调经片,1517
归芎花粉口服液,1518
归芪养血糖浆,1519
归芪口服液,1520
归龙筋骨宁片,1521
当归,1522
当归丸,1523
当归南枣颗粒,1524
当归拈痛丸,1525
当归流浸膏,1526
当归片,1527
当归苦参丸,1528
当归补血口服液,1529
当归补血颗粒,1530
当归龙荟片,1531
当归龙荟胶囊,1532
当飞利肝宁片,1533
当飞利肝宁胶囊,1534
心可宁,1535
心可宁胶囊,1536
心可舒丸,1537
心可舒片,1538
心安胶囊,1539
心宝,1540
心宝丸,1541
心悦胶囊,1542
心欣舒胶囊,1543
心痛康胶囊,1544
心神宁片,1545
心神安胶囊,1546
心胃止痛胶囊,1547
心脉宁,1548
心脉通,1549
心脉通片,1550
心脉通胶囊,1551
心脉隆注射液,1552
心脑健片,1553
心脑健胶囊,1554
心脑宁胶囊,1555
心脑康胶囊,1556
心脑欣丸,1557
心脑欣胶囊,1558
心脑清软胶囊,1559
心脑舒口服液,1560
心脑舒通,1561
心脑舒通胶囊,1562
心脑通软胶囊,1563
心脑静片,1564
心舒宝胶囊,1565
心荣胶囊,1566
心血宁片,1567
心达康滴丸,1568
心达康片,1569
心达康胶囊,1570
心通口服液,1571
心速宁胶囊,1572
快胃片,1573
急支糖浆,1574
急支颗粒,1575
恩氟烷（安氟醚，易使宁，氟醚）,1576
惠血生胶囊,1577
愈伤灵,1578
愈伤灵胶囊,1579
愈心痛胶囊,1580
愈风宁心,1581
愈风宁心滴丸,1582
感冒咳嗽,1583
感冒止咳胶囊,1584
感冒止咳颗粒,1585
感冒清,1586
感冒清热,1587
感冒清热胶囊,1588
感冒清热软胶囊,1589
感冒清热颗粒,1590
感冒清片,1591
感冒清胶囊,1592
感冒滴丸,1593
感冒灵冲剂,1594
感冒灵片,1595
感冒灵胶囊,1596
感冒灵颗粒,1597
感冒片,1598
感冒疏风,1599
感冒胶囊,1600
感冒解毒片,1601
感冒软胶囊,1602
感冒退热,1603
感冒退热颗粒,1604
感咳双清胶囊,1605
慈丹胶囊,1606
慈航片,1607
慈航胶囊,1608
慢肝养阴片,1609
慢肝养阴胶囊,1610
慢肝宁胶囊,1611
慢肝解郁胶囊,1612
慢肾宁合剂,1613
戈利木单抗,1614
戈那瑞林,1615
扎冲十三味丸,1616
托吡卡胺（托品酰胺）,1617
托吡卡胺，复方,1618
托哌酮,1619
托泊替康（拓扑替康）,1620
扶正化瘀,1621
扶正化瘀胶囊,1622
抑眩宁胶囊,1623
抗妇炎胶囊,1624
抗宫炎分散片,1625
抗宫炎片,1626
抗宫炎胶囊,1627
抗宫炎软胶囊,1628
抗宫炎颗粒,1629
抗感染药,1630
抗感胶囊,1631
抗感解毒片,1632
抗感解毒颗粒,1633
抗感颗粒,1634
抗扁桃腺炎合剂,1635
抗栓胶囊,1636
抗生素类,1637
抗甲状腺药,1638
抗疟药,1639
抗病毒丸,1640
抗病毒丸(浓缩丸),1641
抗病毒口服液,1642
抗病毒咀嚼片,1643
抗病毒药,1644
抗病毒软胶囊,1645
抗病毒颗粒,1646
抗痛风药,1647
抗痨丸,1648
抗痨胶囊,1649
抗癌平丸,1650
抗肿瘤药,1651
抗脑衰,1652
抗脑衰胶囊,1653
抗贫血药,1654
抗骨增生丸,1655
抗骨增生片,1656
抗骨增生胶囊,1657
抗骨质增生,1658
抗骨质增生丸,1659
抗高血压药,1660
护肝宁片,1661
护肝宁胶囊,1662
护肝片,1663
护肝胶囊,1664
护骨胶囊,1665
抱龙丸,1666
拉坦前列素,1667
拉帕替尼,1668
拨云退翳丸,1669
拨云锭,1670
按摩乳,1671
振源胶囊,1672
排毒养颜胶囊,1673
排毒降脂胶囊,1674
排石利胆颗粒,1675
排石颗粒,1676
接骨七厘,1677
接骨七厘丸,1678
接骨七厘片,1679
接骨丸,1680
接骨片,1681
接骨续筋片,1682
接骨续筋胶囊,1683
摩罗丹,1684
擦癣药水,1685
支气管炎片,1686
放线菌素D（更生霉素）,1687
救心丸,1688
救心丹,1689
散痰宁糖浆,1690
散结乳癖膏,1691
散结镇痛胶囊,1692
斑秃丸,1693
斧标正红花油,1694
斧标驱风油,1695
断血流,1696
断血流分散片,1697
断血流滴丸,1698
断血流片,1699
断血流胶囊,1700
断血流软胶囊,1701
断血流颗粒,1702
新乐康片,1703
新力正骨,1704
新力正骨喷雾剂,1705
新复方大青叶片,1706
新生化片,1707
新生化颗粒,1708
新癀片,1709
新肤螨灵软膏,1710
新血宝胶囊,1711
新雪片,1712
新雪胶囊,1713
新雪颗粒,1714
新霉素,1715
新霉素复方,1716
施保利通片,1717
无烟灸条,1718
日舒安洗液,1719
日舒安湿巾,1720
昆明山海棠片,1721
明珠口服液,1722
明目地黄丸,1723
明目地黄胶囊,1724
明目蒺藜丸,1725
明矾,1726
明通治伤风,1727
晕复静片,1728
晕痛定胶囊,1729
普乐安,1730
普乐安片,1731
普拉洛芬,1732
普拉睾酮,1733
普济痔疮栓,1734
普罗布考（普罗布可，丙丁酚）,1735
普罗雌烯,1736
普鲁卡因,1737
普鲁卡因，复方,1738
景天祛斑胶囊,1739
景志安神口服液,1740
智杞颗粒,1741
暖宫七味丸,1742
暖宫孕子,1743
暖宫孕子丸,1744
暖宫孕子胶囊,1745
暖胃舒乐胶囊,1746
曲克芦丁复方,1747
曲克芦丁（三羟乙基芦丁）,1748
曲匹布通（舒胆通，胆灵）,1749
曲妥珠单抗,1750
曲安西龙,1751
曲安西龙和抗生素的复方,1752
曲安西龙和灭菌药的复方,1753
曲安西龙（去炎松）,1754
曲昔派特,1755
曲马多和其他非阿片类镇痛药,1756
更年安,1757
更年安片,1758
更年康,1759
更昔洛韦（丙氧鸟苷）,1760
替加氟（喃氟啶）,1761
替加氟，复方,1762
替尼泊苷,1763
替米沙坦和利尿药,1764
替罗非班,1765
替莫唑胺,1766
有机硝酸酯类,1767
木丹颗粒,1768
木瓜丸,1769
木瓜片,1770
朱砂安神丸,1771
朴实颗粒,1772
杀菌止痒洗剂,1773
杏仁止咳糖浆,1774
杏灵分散片,1775
杏苏止咳,1776
杏苏止咳糖浆,1777
杏香兔耳风片,1778
杏香兔耳风胶囊,1779
杏香兔耳风软胶囊,1780
杜仲平压片,1781
杜仲补腰合剂,1782
杜仲颗粒,1783
杞明胶囊,1784
杞枣口服液,1785
杞菊地黄,1786
杞菊地黄丸,1787
杞菊地黄丸(浓缩丸),1788
杞菊地黄胶囊,1789
松节油,1790
松龄血脉康胶囊,1791
板蓝根,1792
板蓝根分散片,1793
板蓝根含片,1794
板蓝根注射液,1795
板蓝根滴眼液,1796
板蓝根片,1797
板蓝根颗粒,1798
板蓝根颗粒(无糖型),1799
枇杷止咳,1800
枇杷止咳胶囊,1801
林可酰胺类,1802
果糖,1803
枣仁安神,1804
枣仁安神胶囊,1805
枫蓼肠胃康,1806
枳术宽中胶囊,1807
枳陈消食口服液,1808
枸橼酸钙,1809
枸橼酸钠,1810
枸橼酸铁,1811
枸橼酸铁铵,1812
柏子养心,1813
柏子养心丸,1814
柏子养心片,1815
柏子滋心丸,1816
柏栀祛湿洗液,1817
柏洁洗剂,1818
柔红霉素（正定霉素，柔红比星）,1819
柴石退热颗粒,1820
柴胡,1821
柴胡口服液,1822
柴胡注射液,1823
柴胡滴丸,1824
柴连口服液,1825
柴银口服液,1826
柴黄清热颗粒,1827
柴黄颗粒,1828
栀子金花丸,1829
标准的人免疫球蛋白,1830
核糖霉素,1831
核黄素（维生素B2）,1832
根痛平,1833
根痛平胶囊,1834
桂哌齐特,1835
桂林西瓜霜,1836
桂林西瓜霜含片,1837
桂枝茯苓,1838
桂枝茯苓丸,1839
桂枝茯苓片,1840
桂枝茯苓胶囊,1841
桂枝颗粒,1842
桂蒲肾清,1843
桂附地黄,1844
桂附地黄丸,1845
桂龙咳喘宁胶囊,1846
桑姜感冒注射液,1847
桑枝颗粒,1848
桑椹冲剂,1849
桑椹颗粒,1850
桑菊感冒,1851
桔梗八味颗粒,1852
桔贝合剂,1853
梅花点舌丸,1854
梅花点舌丹,1855
棕榈子,1856
椰露止咳合剂,1857
椿乳凝胶,1858
楂曲平胃合剂,1859
槐耳颗粒,1860
槐角丸,1861
橘半止咳颗粒,1862
橘红丸,1863
橘红冲剂,1864
橘红化痰胶囊,1865
橘红梨膏,1866
橘红片,1867
橘红痰咳,1868
橘红痰咳液,1869
橘红痰咳煎膏,1870
橘红痰咳颗粒,1871
橘红胶囊,1872
橘红颗粒,1873
橡皮生肌膏,1874
次氯酸钠,1875
次硝酸铋,1876
欧龙马滴剂,1877
止咳丸,1878
止咳宁嗽胶囊,1879
止咳定喘片,1880
止咳宝片,1881
止咳平喘糖浆,1882
止咳枇杷糖浆,1883
止咳桃花散,1884
止咳橘红,1885
止咳橘红合剂,1886
止咳片,1887
止嗽化痰颗粒,1888
止泻保童颗粒,1889
止痒消炎水,1890
止痒酊,1891
止痛化症,1892
止痛化癥,1893
止痛化癥片,1894
止痛化癥胶囊,1895
止痛化癥颗粒,1896
止痛消炎软膏,1897
止痛透骨膏,1898
止血宁片,1899
止血宁胶囊,1900
止血宝颗粒,1901
止血祛瘀明目片,1902
止血胶囊,1903
止血镇痛胶囊,1904
正天丸,1905
正天胶囊,1906
正心泰胶囊,1907
正柴胡饮,1908
正清风痛宁注射液,1909
正清风痛宁片,1910
正清风痛宁缓释片,1911
正清风痛宁胶囊,1912
正红花油,1913
正金油软膏(正金油),1914
正露丸,1915
正骨水,1916
母乳多颗粒,1917
比拜克胶囊,1918
比沙可啶,1919
气滞胃痛,1920
气滞胃痛胶囊,1921
气滞胃痛颗粒,1922
气管炎丸,1923
气血双补丸,1924
气血和胶囊,1925
氟吡汀（氟吡氨酯）,1926
氟尿嘧啶（氟二氧嘧啶）,1927
氟尿苷,1928
氟康唑,1929
氟替卡松,1930
氟比洛芬,1931
氟米龙,1932
氟米龙（氟甲松龙）,1933
氟胞嘧啶,1934
氟轻松,1935
氟轻松和抗生素的复方,1936
氟轻松（氟西奈德）,1937
氟达拉滨,1938
氟马西尼,1939
氢化可的松,1940
氢化可的松，复方,1941
氢吗啡酮和纳洛酮,1942
氢氧化铝,1943
氢醌,1944
氧化纤维素,1945
氧气,1946
氧氟沙星,1947
氨丁三醇,1948
氨基比林，与非安定药的复方,1949
氨基酸,1950
氨基酸/碳水化合物/矿物质/维生素，复方,1951
氨苄西林,1952
氨苄西林，复方,1953
氨苯砜,1954
氨酚双氢可待因,1955
氮卓斯汀,1956
氮芥（莫司汀）,1957
氯倍他索,1958
氯倍他索和抗生素的复方,1959
氯化汞,1960
氯化钙,1961
氯化钠,1962
氯化钠，高渗的,1963
氯化钾,1964
氯化钾复方,1965
氯化铵,1966
氯化锌,1967
氯唑沙宗，与非安定药类的复方,1968
氯喹那多,1969
氯己定,1970
氯己定，复方,1971
氯普鲁卡因,1972
氯替泼诺,1973
氯沙坦和利尿药,1974
氯波必利,1975
氯琥珀胆碱,1976
氯碘羟喹,1977
氯胺酮（优洛芬，酮基布洛芬，开他敏）,1978
氯苯那敏，复方,1979
氯贝酸铝,1980
氯霉素,1981
水杨酸,1982
水杨酸制剂,1983
水牛角浓缩粉,1984
水痘带状疱疹疫苗,1985
水痘疫苗，减弱活性,1986
水飞蓟素（西利马林，奶蓟素）,1987
汉桃叶片,1988
汞溴红,1989
江南卷柏片,1990
沉香化气丸,1991
沙库比曲缬沙坦片,1992
沙格列汀,1993
沙棘,1994
沙棘颗粒,1995
沙溪凉茶,1996
沙美特罗结合氟替卡松,1997
沙苑子颗粒,1998
河车大造胶囊,1999
治伤胶囊,2000
治咳川贝枇杷露,2001
治糜康栓,2002
泌宁胶囊,2003
泌尿宁胶囊,2004
泌尿宁颗粒,2005
泌感颗粒,2006
泌淋清胶囊,2007
法半夏枇杷膏,2008
法舒地尔,2009
泛昔洛韦,2010
"泛癸利酮（癸烯醌,辅酶Q10）",2011
泛硫乙胺,2012
泛酸钙,2013
注射用丹参多酚酸盐,2014
注射用双黄连(冻干),2015
注射用清开灵(冻干),2016
注射用灯盏花素,2017
注射用益气复脉(冻干),2018
注射用红花黄色素,2019
注射用血塞通,2020
注射用血塞通(冻干),2021
注射用血栓通,2022
注射用血栓通(冻干),2023
泼尼松龙,2024
泼尼松（强的松，去氢可的松）,2025
泽桂癃爽片,2026
洁尔阴,2027
洁尔阴洗液,2028
洁白丸,2029
洁肤净,2030
洁阴康洗液,2031
洁阴灵洗剂,2032
洋地黄苷类,2033
洛美沙星,2034
洛莫司汀（环己亚硝脲，环己亚硝）,2035
津力达颗粒,2036
活力源片,2037
活心丸,2038
活络油,2039
活络消痛胶囊,2040
活胃散,2041
活血壮筋丸,2042
活血壮筋胶囊,2043
活血止痛,2044
活血止痛散,2045
活血止痛片,2046
活血止痛胶囊,2047
活血止痛膏,2048
活血胶囊,2049
活血解痛膏,2050
活血通脉,2051
活血通脉片,2052
活血通脉胶囊,2053
活血镇痛胶囊,2054
流感丸,2055
流感疫苗,2056
流感病毒裂解疫苗及表面抗原,2057
流行性乙型脑炎疫苗,2058
济生肾气丸,2059
浓缩当归丸,2060
海丹胶囊,2061
海墨止血胶囊,2062
海昆肾喜胶囊,2063
海洋胃药,2064
海狗丸,2065
海蛇痹宁胶囊,2066
海马多鞭丸,2067
消乳散结胶囊,2068
消咳喘胶囊,2069
消咳片,2070
消咳胶囊,2071
消旋卡多曲,2072
消朦片,2073
消栓肠溶胶囊[消栓胶囊(肠溶)],2074
消栓通络,2075
消核片,2076
消渴丸,2077
消炎利胆,2078
消炎利胆片,2079
消炎利胆胶囊,2080
消炎利胆软胶囊,2081
消炎止咳,2082
消炎止咳片,2083
消炎灵胶囊,2084
消炎生肌膏,2085
消炎癣湿药膏,2086
消炎胶囊,2087
消炎退热,2088
消炎退热合剂,2089
消炎镇痛膏,2090
消痔丸,2091
消痔灵,2092
消痔灵注射液,2093
消痔软膏,2094
消瘀康胶囊,2095
消癌平注射液,2096
消癌平滴丸,2097
消癌平片,2098
消癌平胶囊,2099
消眩止晕片,2100
消石片,2101
消糜栓,2102
消糜阴道泡腾片,2103
消结安胶囊,2104
消肿止痛酊,2105
消肿片,2106
消肿痔疮片,2107
消肿痔疮胶囊,2108
消肿镇痛膏,2109
消银颗粒,2110
消风止痒颗粒,2111
消风止痛宁,2112
消食健儿糖浆,2113
消食健胃片,2114
消食退热糖浆,2115
润燥止痒胶囊,2116
润肌皮肤膏,2117
润肠丸,2118
润肠胶囊,2119
润肺膏,2120
涩肠止泻散,2121
淀粉酶,2122
清凉喉片,2123
清咳平喘颗粒,2124
清咽滴丸,2125
清咽片,2126
清喉利咽颗粒,2127
清宣止咳颗粒,2128
清开灵分散片,2129
清开灵口服液,2130
清开灵泡腾片,2131
清开灵注射液,2132
清开灵滴丸,2133
清开灵片,2134
清开灵胶囊,2135
清开灵软胶囊,2136
清开灵颗粒,2137
清感九味丸,2138
清泻丸,2139
清浊祛毒丸,2140
清淋片,2141
清淋颗粒,2142
清火栀麦胶囊,2143
清火片,2144
清热化滞颗粒,2145
清热散结,2146
清热散结胶囊,2147
清热暗疮片,2148
清热消炎宁片,2149
清热消炎宁胶囊,2150
清热祛湿颗粒,2151
清热解毒,2152
清热解毒口服液,2153
清热解毒片,2154
清热解毒颗粒,2155
清热通淋片,2156
清热镇咳糖浆,2157
清眩片,2158
清肝利胆,2159
清肝解毒片,2160
清肝降压胶囊,2161
清肝颗粒,2162
清肠通便胶囊,2163
清肺化痰丸,2164
清肺抑火片,2165
清肺散结丸,2166
清胃黄连丸,2167
清胃黄连片,2168
清胰利胆丸,2169
清脂胶囊,2170
清脑复神液,2171
清艾条,2172
清解片,2173
清金糖浆,2174
清降片,2175
清音丸,2176
温经活血片,2177
温肾前列胶囊,2178
温胃舒颗粒,2179
温脾固肠散,2180
渴络欣胶囊,2181
湿毒清,2182
湿毒清片,2183
湿毒清胶囊,2184
湿润烧伤膏,2185
湿热痹胶囊,2186
湿疡气雾剂,2187
溃疡散胶囊,2188
源吉林甘和茶,2189
溴莫尼定,2190
溶栓胶囊,2191
溶栓脑通胶囊,2192
溶菌酶,2193
滇桂艾纳香胶囊,2194
滋肾健脑,2195
滋肾宁神丸,2196
滋肾育胎丸,2197
滋补生发片,2198
滑石粉,2199
滑膜炎片,2200
满山白糖浆,2201
滴耳油,2202
滴通鼻炎水,2203
滴通鼻炎水喷雾剂,2204
潮安片,2205
澳泰乐胶囊,2206
澳泰乐颗粒,2207
火把花根片,2208
灭澳灵,2209
灯盏生脉胶囊,2210
灯盏细辛,2211
灯盏细辛注射液,2212
灯盏花素,2213
灯盏花素分散片,2214
灯盏花素注射液,2215
灯盏花素片,2216
灯银脑通胶囊,2217
灰黄霉素,2218
灵丹草软胶囊,2219
灵芝,2220
灵芝分散片,2221
灵芝孢子粉,2222
灵芝孢子粉胶囊,2223
灵芝浸膏片,2224
灵芝片,2225
灵芝糖浆,2226
灵芝胶囊,2227
炎可宁,2228
炎可宁片,2229
炎可宁胶囊,2230
炎宁胶囊,2231
炎宁颗粒,2232
炎消迪娜儿糖浆,2233
炎热清片,2234
炎立消胶囊,2235
炎见宁片,2236
炙甘草颗粒,2237
烟酸，复方,2238
烧伤喷雾剂,2239
烧伤止痛药膏,2240
烧烫伤膏,2241
烫疮油,2242
热感赛比斯坦颗粒,2243
热毒宁注射液,2244
热毒平颗粒,2245
热淋清片,2246
热淋清胶囊,2247
热淋清颗粒,2248
热炎宁合剂,2249
热炎宁颗粒,2250
热痱搽剂,2251
熊胆,2252
熊胆丸,2253
熊胆川贝口服液,2254
熊胆滴眼液,2255
熊胆痔灵,2256
熊胆痔疮膏,2257
熊胆粉,2258
熊胆胶囊,2259
熊胆舒肝利胆胶囊,2260
熊胆降热,2261
熊胆黄芩滴眼液,2262
熟三七散,2263
片仔癀,2264
牙痛一粒丸,2265
牛黄上清,2266
牛黄上清丸,2267
牛黄上清片,2268
牛黄上清胶囊,2269
牛黄宁宫片,2270
牛黄消炎,2271
牛黄消炎丸,2272
牛黄清心丸,2273
牛黄清感胶囊,2274
牛黄清胃,2275
牛黄清胃丸,2276
牛黄痔清栓,2277
牛黄蛇胆川贝液,2278
牛黄蛇胆川贝滴丸,2279
牛黄蛇胆川贝片,2280
牛黄蛇胆川贝胶囊,2281
牛黄解毒,2282
牛黄解毒丸,2283
牛黄解毒片,2284
牛黄解毒软胶囊,2285
牛黄降压,2286
牛黄降压丸,2287
牡荆油滴丸,2288
特比萘芬,2289
狂犬病免疫球蛋白,2290
狂犬病疫苗,2291
狂犬病血清,2292
狗皮膏,2293
狗皮膏(改进型),2294
独一味,2295
独一味丸,2296
独一味分散片,2297
独一味片,2298
独一味胶囊,2299
独一味软胶囊,2300
独一味颗粒,2301
独圣活血片,2302
独活寄生合剂,2303
狮子油,2304
猕猴桃颗粒,2305
猪苓多糖,2306
猴头健胃灵,2307
猴头菌,2308
猴头菌片,2309
猴枣牛黄散,2310
猴耳环消炎,2311
猴耳环消炎颗粒,2312
猴菇饮(口服液),2313
玄七通痹胶囊,2314
玄麦柑桔颗粒,2315
玄麦甘桔,2316
玄麦甘桔颗粒,2317
玉屏风胶囊,2318
玉屏风颗粒,2319
玉泉丸,2320
玉泉胶囊,2321
玉竹颗粒,2322
玉蓝降糖胶囊,2323
王氏保赤丸,2324
玫瑰花糖膏,2325
玫芦消痤膏,2326
环丙孕酮和雌激素,2327
环丙沙星,2328
环吡酮,2329
环喷托酯,2330
环孢素,2331
环磷酰胺（癌得星）,2332
珊瑚癣净,2333
珍宝丸,2334
珍珠层粉,2335
珍珠明目滴眼液,2336
珍珠末,2337
珍珠灵芝片,2338
珍珠粉,2339
珍珠胃安丸,2340
珍石烧伤膏,2341
珍菊降压,2342
珍菊降压片,2343
珍黄胶囊(珍黄丸),2344
珠子肝泰胶囊,2345
珠珀保婴散,2346
珠芽蓼止泻颗粒,2347
珠贝定喘丸,2348
理中丸,2349
理中片,2350
琥珀止痛膏,2351
瑞芬太尼,2352
瓜蒌皮注射液,2353
瓜霜退热灵胶囊,2354
瓦松栓,2355
甘和茶,2356
甘桔冰梅片,2357
甘桔清咽颗粒,2358
甘油,2359
甘油磷酸钠,2360
甘芪和胃,2361
甘草流浸膏,2362
甘草甜素片,2363
甘草酸,2364
甘霖洗剂,2365
甘露醇,2366
甜梦口服液,2367
生乳灵,2368
生力雄丸,2369
生化丸,2370
生桂口服液,2371
生白颗粒,2372
生精片,2373
生精胶囊,2374
生脉胶囊,2375
生脉颗粒,2376
生脉饮,2377
生脉饮口服液,2378
生血宁片,2379
生血宝合剂,2380
生血宝颗粒,2381
生骨胶囊,2382
田七痛经胶囊,2383
田七跌打丸,2384
田七镇痛膏,2385
甲亢灵片,2386
甲地孕酮,2387
甲型肝炎疫苗，全灭活病毒,2388
甲氧沙林（敏白灵，甲氧呋豆素）,2389
甲氨蝶呤,2390
甲氯芬酯,2391
甲泼尼龙（甲强龙）,2392
甲状腺,2393
甲睾酮,2394
甲硝唑,2395
甲硝唑，复方,2396
甲羟孕酮和炔雌醇,2397
甲芪肝纤颗粒,2398
甲苯磺丁脲,2399
电解质,2400
男宝,2401
男宝胶囊,2402
男康片,2403
疏清颗粒,2404
疏痛安涂膜剂,2405
疏肝益阳胶囊,2406
疏血通,2407
疏血通注射液,2408
疏风活络片,2409
疗癣卡西甫丸,2410
疗癣卡西甫散,2411
疤痕止痒软化乳膏,2412
病毒疫苗,2413
痔康片,2414
痔炎消颗粒,2415
痔特佳片,2416
痔特佳胶囊,2417
痔疮栓,2418
痔疮止血丸,2419
痔疮胶囊,2420
痔疾洗液,2421
痔痛安搽剂,2422
痔速宁片,2423
痔速宁胶囊,2424
痛宁片,2425
痛泻宁颗粒,2426
痛经宝颗粒,2427
痛舒胶囊,2428
痛血康胶囊,2429
痛风舒片,2430
痫愈胶囊,2431
痰净片,2432
痰咳净,2433
痰咳净片,2434
痰热清注射液,2435
痹痛宁胶囊,2436
痹祺胶囊,2437
瘀血痹片,2438
癃清片,2439
癃清胶囊,2440
癃闭舒,2441
癃闭舒片,2442
癃闭舒胶囊,2443
癣药膏,2444
白介素类,2445
白及片,2446
白喉-百日咳-脊髓灰质炎-破伤风疫苗,2447
白带丸,2448
白带净胶囊,2449
白带片,2450
白灵片,2451
白癜风丸,2452
白癜风胶囊,2453
白石清热颗粒,2454
白脉软膏,2455
白芍总苷胶囊,2456
白花油,2457
白花蛇舌草注射液,2458
白草香解郁安神胶囊,2459
白药散,2460
白蚀丸,2461
白蛋白,2462
百乐眠,2463
百乐眠胶囊,2464
百令片,2465
百令胶囊,2466
百合固金丸,2467
百合固金颗粒,2468
百咳宁颗粒,2469
百咳静糖浆,2470
百咳静颗粒,2471
百安洗液,2472
百癣夏塔热片,2473
百癣夏塔热胶囊,2474
百艾洗液,2475
百草妇炎清栓,2476
百草油,2477
百蕊片,2478
百蕊颗粒,2479
百贝益肺胶囊,2480
皮敏消胶囊,2481
皮肤康,2482
皮肤康洗液,2483
皮肤病血毒丸,2484
盆炎净胶囊,2485
盆炎清栓,2486
益中生血片,2487
益中生血胶囊,2488
益坤宁颗粒,2489
益安宁丸,2490
益宫颗粒,2491
益康唑,2492
益康胶囊,2493
益心康泰胶囊,2494
益心舒片,2495
益心酮片,2496
益母冲剂,2497
益母草,2498
益母草分散片,2499
益母草注射液,2500
益母草流浸膏,2501
益母草膏,2502
益母草软胶囊,2503
益母草颗粒,2504
益母颗粒,2505
益气健脾口服液,2506
益气复脉,2507
益气维血颗粒,2508
益气补血片,2509
益肝乐胶囊,2510
益肝灵片,2511
益肺止咳胶囊,2512
益肺胶囊,2513
益脉康片,2514
益脑宁片,2515
益脑心颗粒,2516
益脑片,2517
益脑胶囊,2518
益血生胶囊,2519
益诺胶囊,2520
盐蛇散,2521
盐酸,2522
盐酸埃克替尼,2523
盐酸精氨酸,2524
盐酸黄连素,2525
盘龙七,2526
盘龙七片,2527
盾叶冠心宁片,2528
眠安宁颗粒,2529
眼部血管病变治疗药,2530
睡安胶囊,2531
知柏地黄丸,2532
短杆菌素,2533
石岐外感颗粒,2534
石斛夜光,2535
石斛夜光丸,2536
石斛明目丸,2537
石椒草咳喘颗粒,2538
石榴健胃丸,2539
石榴健胃片,2540
石榴健胃胶囊,2541
石榴补血糖浆,2542
石淋通胶囊,2543
石辛含片,2544
石黄抗菌片,2545
砂连和胃,2546
破伤风免疫球蛋白,2547
破伤风抗毒素,2548
破伤风疫苗,2549
硝酸异山梨酯,2550
硝酸甘油,2551
硝酸银,2552
硫代硫酸钠,2553
硫喷妥,2554
硫普罗宁,2555
硫磺,2556
硫酸亚铁,2557
硫酸软骨素,2558
硫酸镁,2559
硫鸟嘌呤,2560
硼酸,2561
碘,2562
碘仿,2563
碘佛醇,2564
碘克沙醇,2565
碘化钾,2566
碘帕醇（碘异肽醇）,2567
碘比醇,2568
碘海醇（碘苯六醇，三碘三酰苯）,2569
碘美普尔,2570
碘解磷定,2571
碳酸氢钠,2572
碳酸钙,2573
碳酸镁,2574
碳青霉烯类,2575
磁朱丸,2576
磷酸吡哆醛,2577
磷酸钠,2578
磷酸铝,2579
磺胺,2580
磺胺嘧啶银,2581
磺胺甲恶唑和甲氧苄啶,2582
磺胺醋酰,2583
磺苄西林,2584
祖卡木颗粒,2585
祖师麻,2586
祖师麻膏药,2587
祛痰止咳胶囊,2588
祛痰止咳颗粒,2589
祛痰灵,2590
祛痰药,2591
祛瘀散结胶囊,2592
祛白酊,2593
祛腐二香栓,2594
祛风止痛胶囊,2595
神农镇痛膏,2596
神州跌打丸,2597
神曲胃痛片,2598
神经系统,2599
福莫司汀,2600
福莫特罗,2601
秋泻灵合剂,2602
秦川通痹片,2603
秦皮接骨胶囊,2604
稚儿灵颗粒,2605
稳心颗粒,2606
穿心莲内酯,2607
穿心莲内酯胶囊,2608
穿心莲注射液,2609
穿心莲滴丸,2610
穿心莲片,2611
穿心莲胶囊,2612
穿王消炎,2613
穿王消炎胶囊,2614
穿黄清热片,2615
穿黄清热胶囊,2616
穿龙骨刺胶囊,2617
童宝乐片,2618
童康片,2619
筋伤宁湿敷剂,2620
筋骨伤喷雾剂,2621
筋骨痛消丸,2622
米多君,2623
米托蒽醌（二羟基蒽酮）,2624
米诺地尔（长压定，敏乐定）,2625
米那普仑,2626
精乌胶囊,2627
精制冠心软胶囊,2628
精制银翘解毒胶囊,2629
糖尿乐,2630
糖尿灵片,2631
糖脉康颗粒,2632
糜蛋白酶,2633
索拉非尼,2634
紫丹活血片,2635
紫地宁血散,2636
紫杉醇,2637
紫河车胶囊,2638
紫灯片,2639
紫金锭,2640
紫雪,2641
红曲,2642
红核妇洁洗液,2643
红花,2644
红花如意丸,2645
红花注射液,2646
红花逍遥胶囊,2647
红花黄色素,2648
红花黄色素氯化钠注射液,2649
红药气雾剂,2650
红药片,2651
红药胶囊,2652
红金消结片,2653
红金消结胶囊,2654
红霉素,2655
纤维蛋白原,2656
纳洛酮,2657
经前平颗粒,2658
经带宁胶囊,2659
经舒颗粒,2660
经血宁胶囊,2661
结核丸,2662
结核菌素,2663
结石清胶囊,2664
结石通胶囊,2665
绞股蓝总甙,2666
绞股蓝总甙片,2667
维A酸（维甲酸）,2668
维C银翘,2669
维C银翘片,2670
维儿康洗液,2671
维兰特罗,2672
维妇康洗液,2673
维生素A和维生素D的复方,2674
维生素A，单方,2675
维生素B12（氰钴胺及其类似药物）,2676
维生素D3,2677
维生素D及其同系物,2678
维生素D及其同系物，复方,2679
维生素K,2680
维生素类,2681
维肝福泰片,2682
维血宁颗粒,2683
维血康糖浆,2684
维血康颗粒,2685
缩泉胶囊,2686
缬沙坦和利尿药,2687
缬沙坦和氨氯地平,2688
罂粟碱（鸦片全碱）,2689
罗哌卡因,2690
罗库溴铵,2691
罗汉果止咳,2692
罗浮山风湿膏药,2693
罗补甫克比日丸,2694
羊肝明目,2695
羊藿三七胶囊,2696
羌月乳膏,2697
美利曲辛和安定药,2698
美司钠（巯乙磺酸钠）,2699
美法仑（米尔法兰，左旋溶肉瘤素，左旋苯丙氨酸氮芥）,2700
美诺平颗粒,2701
羚羊感冒,2702
羚羊感冒口服液,2703
羚羊感冒片,2704
羚羊清肺丸,2705
羚羊清肺颗粒,2706
羚羊角,2707
羚羊角口服液,2708
羚羊角注射液,2709
羚羊角滴丸,2710
羚羊角胶囊,2711
羚羊角颗粒,2712
羚翘解毒丸,2713
羚贝止咳糖浆,2714
羚黄宝儿丸,2715
羟丁酸钠,2716
羟乙基淀粉,2717
羟基脲,2718
羟甲唑啉,2719
羟甲烟胺,2720
羟甲香豆素,2721
羟考酮和对乙酰氨基酚,2722
羟苯乙酯,2723
羟苯磺酸钙,2724
老鹳草,2725
老鹳草软膏,2726
耳聋左慈,2727
耳聋左慈丸,2728
耳聋片,2729
耳聋胶囊,2730
联苯乙酸,2731
联苯苄唑,2732
聚乙二醇，复方,2733
聚桂醇400,2734
聚甲酚磺醛,2735
聚维酮碘,2736
聚肌胞苷酸,2737
肉毒杆菌毒素,2738
肉蔻五味,2739
肉蔻五味丸,2740
肌苷,2741
肌醇,2742
肚痛健胃整肠丸,2743
肛安栓,2744
肛泰,2745
肛泰软膏,2746
肝乐欣胶囊,2747
肝喜乐片,2748
肝复乐,2749
肝复乐片,2750
肝复乐胶囊,2751
肝康宁片,2752
肝得治胶囊,2753
肝必复,2754
肝必复胶囊,2755
肝必复软胶囊,2756
肝炎灵注射液,2757
肝爽颗粒,2758
肝精补血素口服液,2759
肝素,2760
肝素复方,2761
肝维康片,2762
肝脾康,2763
肝苏颗粒,2764
肝达康片,2765
肝达康胶囊,2766
肝达康颗粒,2767
肝速康胶囊,2768
肠康片,2769
肠泰,2770
肠泰合剂,2771
肠炎宁,2772
肠胃散,2773
肠胃舒胶囊,2774
肠胃适胶囊,2775
肤疾洗剂,2776
肤痒颗粒,2777
肤痔清软膏,2778
肤舒止痒膏,2779
肤芩洗剂,2780
肥儿宝颗粒,2781
肥儿散,2782
肺力咳,2783
肺力咳合剂,2784
肺力咳胶囊,2785
肺宁片,2786
肺宁颗粒,2787
肺气肿片,2788
肺炎球菌疫苗,2789
肺炎球菌疫苗，纯化多糖抗原,2790
肾上腺素,2791
肾复康片,2792
肾复康胶囊,2793
肾安胶囊,2794
肾宝合剂,2795
肾康宁颗粒,2796
肾康栓,2797
肾康注射液,2798
肾炎四味,2799
肾炎安胶囊,2800
肾炎康复,2801
肾炎康复片,2802
肾炎消肿片,2803
肾炎温阳胶囊,2804
肾炎灵颗粒,2805
肾炎片,2806
肾炎舒,2807
肾炎舒颗粒,2808
肾石通丸,2809
肾石通颗粒,2810
肾脾双补口服液,2811
肾衰宁片,2812
肾骨片,2813
肿痛外擦酊,2814
肿痛安胶囊,2815
肿痛气雾剂,2816
肿瘤坏死因子α(TNF-α)抑制剂,2817
肿节风,2818
肿节风分散片,2819
肿节风注射液,2820
肿节风片,2821
肿节风胶囊,2822
肿节风软胶囊,2823
胃乃安胶囊,2824
胃乐新胶囊,2825
胃乐新颗粒,2826
胃刻宁胶囊,2827
胃力胶囊,2828
胃可安胶囊,2829
胃复宁胶囊,2830
胃复春片,2831
胃复胶囊,2832
胃康灵胶囊,2833
胃康胶囊,2834
胃灵颗粒,2835
胃炎宁颗粒,2836
胃炎康胶囊,2837
胃痛宁,2838
胃立康片,2839
胃肠健胶囊,2840
胃肠宁片,2841
胃舒宁片,2842
胃舒宁颗粒,2843
胃苏颗粒,2844
胃药胶囊,2845
胃蛋白酶,2846
胆南星,2847
胆宁,2848
胆宁片,2849
胆木浸膏片,2850
胆木浸膏糖浆,2851
胆石利通片,2852
胆石通,2853
胆石通胶囊,2854
胆碱酯酶,2855
胆舒胶囊,2856
胆舒软胶囊,2857
胆酸,2858
胆香鼻炎片,2859
胎宝胶囊,2860
胎盘片,2861
胚宝胶囊,2862
胜红清热胶囊,2863
胞磷胆碱（二磷酸胞苷胆碱）,2864
胰蛋白酶,2865
胶原酶,2866
脂必妥片,2867
脂必妥胶囊,2868
脂必泰,2869
脂必泰胶囊,2870
脂肪乳,2871
脂脉康胶囊,2872
脂降宁片,2873
脉君安片,2874
脉平片,2875
脉管复康片,2876
脉管复康胶囊,2877
脉络宁注射液,2878
脉络舒通颗粒,2879
脉络通胶囊,2880
脉血康肠溶片,2881
脉血康胶囊,2882
脊髓灰质炎疫苗,2883
脑乐静胶囊,2884
脑力宝,2885
脑力静,2886
脑塞通丸,2887
脑安滴丸,2888
脑安片,2889
脑安胶囊,2890
脑安颗粒,2891
脑得生,2892
脑得生片,2893
脑得生胶囊,2894
脑得生袋泡茶,2895
脑得生颗粒,2896
脑心清,2897
脑心清片,2898
脑心清胶囊,2899
脑心舒,2900
脑心舒口服液,2901
脑心通,2902
脑心通胶囊,2903
脑栓康复胶囊,2904
脑栓通,2905
脑栓通胶囊,2906
脑灵素胶囊,2907
脑立清,2908
脑立清丸,2909
脑络通胶囊,2910
脑肽胶囊,2911
脑脉泰胶囊,2912
"脑膜炎球菌A,C,Y,W-135,四价纯化多糖抗原",2913
脑血康胶囊,2914
脑血疏口服液,2915
脑震宁,2916
脑震宁颗粒,2917
脾肾两助丸,2918
腮腺炎疫苗,2919
腮腺炎疫苗，减弱活性,2920
腰息痛,2921
腰息痛胶囊,2922
腰痛宁,2923
腰痛宁胶囊,2924
腰痛片,2925
腰痹通胶囊,2926
腰肾膏,2927
腰腿痛丸,2928
腹可安,2929
腹可安片,2930
腹痛水,2931
腹膜透析,2932
腺苷蛋氨酸,2933
腺苷钴胺,2934
至灵胶囊,2935
至灵菌丝,2936
致康胶囊,2937
舍他康唑,2938
舒乐搽剂,2939
舒冠颗粒,2940
舒安卫生栓,2941
舒尔经片,2942
舒尔经胶囊,2943
舒尼替尼,2944
舒康凝胶剂,2945
舒心宁片,2946
舒心降脂,2947
舒泌通胶囊,2948
舒眠胶囊,2949
舒神灵,2950
舒神灵胶囊,2951
舒秘胶囊,2952
舒筋丸,2953
舒筋健腰丸,2954
舒筋定痛片,2955
舒筋定痛胶囊,2956
舒筋活血,2957
舒筋活血丸,2958
舒筋活血片,2959
舒筋活血胶囊,2960
舒筋胶囊,2961
舒肝健胃丸,2962
舒肝宁注射液,2963
舒肝顺气丸,2964
舒肤止痒酊,2965
舒胆片,2966
舒胆胶囊,2967
舒胸颗粒,2968
舒芬太尼,2969
舒血宁注射液,2970
舒阴洁洗剂,2971
良园枇杷叶膏,2972
良附丸,2973
色氨酸,2974
色甘酸,2975
艽龙胶囊,2976
艾愈胶囊,2977
艾迪,2978
艾迪注射液,2979
艾附暖宫丸,2980
芍倍注射液,2981
芒果止咳片,2982
芒硝,2983
芙蓉抗流感胶囊,2984
芦笋胶囊,2985
芦荟珍珠胶囊,2986
芩翘口服液,2987
芩连丸,2988
芪冬颐心口服液,2989
芪参益气滴丸,2990
芪参胶囊,2991
芪斛楂颗粒,2992
芪明颗粒,2993
芪枣颗粒,2994
芪桑益肝丸,2995
芪棱片,2996
芪珍胶囊,2997
芪胶升白胶囊,2998
芪芳气血颗粒,2999
芪苈强心胶囊,3000
芪蓉润肠口服液,3001
芪蛭通络胶囊,3002
芪血通络片,3003
芪血颗粒,3004
芪风颗粒,3005
芪龙胶囊,3006
芬太尼,3007
花百胶囊,3008
花红片,3009
花红胶囊,3010
花红颗粒,3011
花蛇解痒胶囊,3012
苁蓉益肾颗粒,3013
苁蓉通便口服液,3014
苍耳子鼻炎滴丸,3015
苍耳子鼻炎胶囊,3016
苍苓止泻口服液,3017
苍鹅鼻炎片,3018
苏合香丸,3019
苏菲咳糖浆,3020
苏黄止咳胶囊,3021
苦丹丸,3022
苦参凝胶,3023
苦参栓,3024
苦参片,3025
苦参胶囊,3026
苦参膜,3027
苦参软膏,3028
苦双黄洗剂,3029
苦木注射液,3030
苦柏止痒洗液,3031
苦碟子,3032
苦碟子注射液,3033
苦黄注射液,3034
苯丁酸氮芥（瘤可宁）,3035
苯佐卡因,3036
苯海拉明,3037
苯海拉明，复方,3038
苯酚,3039
茚达特罗,3040
茜芷胶囊,3041
茯苓多糖口服液,3042
茯蒲洗液,3043
茴三硫,3044
茴拉西坦,3045
茵栀黄口服液,3046
茵栀黄注射液,3047
茵栀黄胶囊,3048
茵栀黄软胶囊,3049
茵栀黄颗粒,3050
茵胆平肝胶囊,3051
茵芪肝复,3052
茵花洗液,3053
茵莲清肝颗粒,3054
荆肤止痒颗粒,3055
荆花胃康胶丸,3056
荆防颗粒,3057
草仙乙肝胶囊,3058
荜铃胃痛颗粒,3059
荡涤灵颗粒,3060
荡石片,3061
荣心丸,3062
荧光素,3063
荨麻疹丸,3064
药艾条,3065
荷丹片,3066
莉芙敏片,3067
莫匹罗星,3068
莫米松,3069
莫米松 0.2mg 鼻腔给药,3070
莫西沙星,3071
莱阳梨止咳糖浆,3072
莲必治注射液,3073
莲芝消炎分散片,3074
莲芝消炎胶囊,3075
莲芪胶囊,3076
菊梅利咽,3077
菠萝蛋白酶,3078
萆薢分清,3079
萆薢分清丸,3080
萘夫西林,3081
萘普生,3082
萘替芬,3083
萘甲唑啉,3084
萘甲唑啉，复方,3085
葆宫止血颗粒,3086
葛兰心宁软胶囊,3087
葛根汤颗粒,3088
葛酮通络,3089
葡萄糖,3090
葡萄糖酸钙,3091
葡萄糖酸锌,3092
葡萄糖，复方,3093
葫芦素片,3094
蒲元和胃,3095
蒲公英,3096
蒲公英颗粒,3097
蒲参胶囊,3098
蒲地蓝消炎口服液,3099
蒲地蓝消炎胶囊,3100
蒲苓盆炎康,3101
蒲郁胶囊,3102
蓉仙口服液,3103
蓝芩口服液,3104
蓝花药,3105
薄芝糖肽注射液,3106
薏芽健脾凝胶,3107
薏辛除湿止痛胶囊,3108
藏茵陈,3109
藏茵陈片,3110
藏青果,3111
藜芦,3112
藤黄健骨丸,3113
藤黄健骨片,3114
藤黄健骨胶囊,3115
藿胆滴丸,3116
藿胆片,3117
藿阳补肾胶囊,3118
藿香正气,3119
藿香正气口服液,3120
藿香正气合剂,3121
藿香正气水,3122
藿香正气滴丸,3123
藿香正气胶囊,3124
藿香正气软胶囊,3125
藿香清胃,3126
藿香清胃胶囊,3127
虎力散,3128
虎力散片,3129
虎力散胶囊,3130
虎杖,3131
虎标万金油,3132
虎驹乙肝胶囊,3133
虚汗停颗粒,3134
蚁参蠲痹,3135
蚁黄通络胶囊,3136
蚕茸柱天胶囊,3137
蚝贝钙片(咀嚼片),3138
蛇毒抗血清,3139
蛇胆川贝,3140
蛇胆川贝枇杷膏,3141
蛇胆川贝液,3142
蛇胆川贝胶囊,3143
蛇胆川贝软胶囊,3144
蛇胆陈皮,3145
蛇胆陈皮口服液,3146
蛇胆陈皮散,3147
蛇胆陈皮液,3148
蛇胆陈皮片,3149
蛇胆陈皮胶囊,3150
蛇黄栓,3151
蛋白水解物,3152
蛤蚧定喘丸,3153
蛭芎胶囊,3154
蛭蛇通络胶囊,3155
蛭龙血通胶囊,3156
蛲虫膏,3157
蛲虫药膏,3158
蛹虫草菌粉胶囊,3159
蛾苓丸,3160
蜂皇胎胶囊,3161
蜂蜜,3162
蜈黛软膏,3163
螺旋藻片,3164
螺旋藻胶囊,3165
蟹黄肤宁软膏,3166
蠲痹抗生丸,3167
血塞通,3168
血塞通分散片,3169
血塞通注射液,3170
血塞通滴丸,3171
血塞通片,3172
血塞通胶囊,3173
血塞通软胶囊,3174
血复生片,3175
血复生胶囊,3176
血宁胶囊,3177
血安胶囊,3178
血宝胶囊,3179
血小板,3180
血尿胶囊,3181
血平片,3182
血平胶囊,3183
血府逐瘀,3184
血府逐瘀丸,3185
血府逐瘀口服液,3186
血府逐瘀片,3187
血府逐瘀胶囊,3188
血府逐瘀颗粒,3189
血必净注射液,3190
血栓心脉宁,3191
血栓心脉宁片,3192
血栓心脉宁胶囊,3193
血栓通,3194
血栓通注射液,3195
血栓通胶囊,3196
血浆,3197
血液代用品和血浆蛋白成分,3198
血液透析,3199
血滞通胶囊,3200
血竭,3201
血管保护药,3202
血络通胶囊,3203
血美安,3204
血美安胶囊,3205
血脂平胶囊,3206
血脂康胶囊,3207
补中益气,3208
补中益气丸,3209
补心气口服液,3210
补气升提片,3211
补肾健脾口服液,3212
补肾安神口服液,3213
补肾康乐,3214
补肾强身,3215
补肾强身片,3216
补肾强身胶囊,3217
补肾斑龙片,3218
补肾益寿片,3219
补肾益寿胶囊,3220
补肾益脑丸,3221
补肾通淋颗粒,3222
补脑丸,3223
补脑安神胶囊,3224
补脾益肠丸,3225
补血调经片,3226
补金片,3227
补骨脂,3228
表柔比星,3229
裸花紫珠,3230
裸花紫珠分散片,3231
裸花紫珠栓,3232
裸花紫珠片,3233
裸花紫珠胶囊,3234
裸花紫珠颗粒,3235
西咪替丁，复方,3236
西尼地平,3237
西帕依固龈液,3238
西洛他唑,3239
西瓜霜润喉片,3240
西瓜霜清咽含片,3241
西罗莫司,3242
西黄丸,3243
西黄胶囊,3244
解毒烧伤软膏,3245
解毒降脂片,3246
解痉镇痛酊,3247
解郁丸,3248
诃苓止泻胶囊,3249
诺氟沙星,3250
诺迪康胶囊,3251
调经促孕丸,3252
调经养颜胶囊,3253
调经活血片,3254
调经益母片,3255
调经祛斑胶囊,3256
调经种子丸,3257
调脂片,3258
谷胱甘肽,3259
谷酰胺,3260
豨红通络口服液,3261
贝伐珠单抗,3262
贝尼地平,3263
贝美格（贝默胺，美解眠）,3264
贝那普利和利尿药,3265
贞芪扶正,3266
贞芪扶正胶囊,3267
贞芪扶正颗粒,3268
赖氨酸,3269
赖诺普利和利尿药,3270
赛洛唑啉（丁苄唑啉）,3271
赛霉安散,3272
超氧化物歧化酶,3273
越鞠保和丸,3274
足光散,3275
跌打七厘片,3276
跌打万花油,3277
跌打止痛液,3278
跌打活血,3279
跌打片,3280
跌打生骨片,3281
跌打生骨胶囊,3282
跌打红药胶囊,3283
跌打镇痛膏,3284
跳骨片,3285
车前番泻复合颗粒,3286
转化糖,3287
辛夷鼻炎丸,3288
辛芩颗粒,3289
辛芳鼻炎胶囊,3290
辣椒风湿膏,3291
达克罗宁,3292
达卡巴嗪（甲氮咪胺，氮烯咪胺，氮烯唑胺）,3293
达沙替尼,3294
达立通颗粒,3295
过氧化氢,3296
过氧化苯甲酰,3297
迈之灵片,3298
近视乐眼药水,3299
还少胶囊,3300
连柏烧伤软膏,3301
连翘败毒,3302
连翘败毒丸,3303
连翘败毒片,3304
连花清瘟胶囊,3305
连花清瘟颗粒,3306
连蒲双清胶囊,3307
追风透骨胶囊,3308
逍遥丸,3309
逍遥颗粒,3310
透明质酸,3311
透明质酸酶,3312
逐瘀通脉胶囊,3313
通便灵,3314
通便灵胶囊,3315
通塞脉片,3316
通宣理肺,3317
通宣理肺丸,3318
通宣理肺片,3319
通宣理肺胶囊,3320
通宣理肺颗粒,3321
通心络,3322
通心络胶囊,3323
通滞苏润江胶囊,3324
通痹胶囊,3325
通窍救心油,3326
通窍耳聋丸,3327
通窍鼻炎胶囊,3328
通窍鼻炎颗粒,3329
通络下乳口服液,3330
通络开痹片,3331
通络生骨胶囊,3332
通络祛痛膏,3333
通脉养心丸,3334
通脉灵片,3335
通脉胶囊,3336
通脉颗粒,3337
通迪胶囊,3338
速效心痛滴丸,3339
速效救心丸,3340
速效止泻胶囊,3341
那他霉素,3342
那氟沙星,3343
郁金银屑片,3344
都梁软胶囊,3345
配有碳酸氢钠的治酸药,3346
酚磺乙胺（止血敏）,3347
酮康唑,3348
酮替芬,3349
酮洛芬,3350
酸痛喷雾剂,3351
醋氯芬酸,3352
醋酸氟轻松（氟新诺龙酯）,3353
醋酸钠,3354
醒脑静注射液,3355
醒脾养儿颗粒,3356
醒脾开胃颗粒,3357
重感灵片,3358
重感灵胶囊,3359
重楼解毒酊,3360
野木瓜片,3361
野木瓜胶囊,3362
野苏颗粒,3363
野菊花,3364
野菊花栓,3365
野菊花注射液,3366
野菊花颗粒,3367
野马追糖浆,3368
金丝桃,3369
金乌骨通胶囊,3370
金佛止痛丸,3371
金刚丸,3372
金刚藤,3373
金刚藤丸,3374
金刚藤口服液,3375
金刚藤咀嚼片,3376
金刚藤片,3377
金刚藤糖浆,3378
金刚藤胶囊,3379
金刚藤软胶囊,3380
金刚藤颗粒,3381
金匮肾气,3382
金匮肾气丸,3383
金匮肾气片,3384
金参润喉合剂,3385
金喉健喷雾剂,3386
金嗓利咽丸,3387
金嗓子喉片,3388
金嗓开音丸,3389
金嗓散结丸,3390
金嗓散结胶囊,3391
金嗓清音丸,3392
金复康口服液,3393
金天格胶囊,3394
金归洗液,3395
金振口服液,3396
金明和胃胶囊,3397
金果饮,3398
金果饮咽喉片,3399
金栀洁龈含漱液,3400
金樱子冲剂,3401
金毛狗脊丸,3402
金水宝片,3403
金水宝胶囊,3404
金牌风油精,3405
金玄痔科熏洗散,3406
金甲排石胶囊,3407
金百洗剂,3408
金百洗液,3409
金砂五淋丸,3410
金胃泰胶囊,3411
金胆片,3412
金芪降糖,3413
金花明目丸,3414
金花消痤丸,3415
金英胶囊,3416
金茵利胆胶囊,3417
金荞麦咀嚼片,3418
金荞麦片,3419
金荞麦胶囊,3420
金药膏,3421
金莲清热泡腾片,3422
金莲胃舒片,3423
金莲花,3424
金莲花分散片,3425
金莲花滴丸,3426
金莲花片,3427
金莲花软胶囊,3428
金莲花颗粒,3429
金菊五花茶颗粒,3430
金菌灵胶囊,3431
金蝉止痒,3432
金蝉止痒胶囊,3433
金酸萍颗粒,3434
金钱草,3435
金钱草片,3436
金钱草胶囊,3437
金钱草颗粒,3438
金银花糖浆,3439
金银花软胶囊,3440
金银花露,3441
金锁固精丸,3442
金霉素,3443
金骨莲片,3444
金骨莲胶囊,3445
金鸡颗粒,3446
金黄散,3447
钆双胺,3448
钆塞酸,3449
钻山风糖浆,3450
铁棒锤止痛膏,3451
铋制剂,3452
铋制剂复方,3453
铝碳酸镁,3454
铝镁加,3455
银丹心泰滴丸,3456
银丹心脑通,3457
银丹心脑通软胶囊,3458
银参通络胶囊,3459
银屑灵,3460
银屑胶囊,3461
银杏二萜内酯葡胺注射液,3462
银杏内酯注射液,3463
银杏叶丸,3464
银杏叶提取物片,3465
银杏叶滴剂,3466
银杏叶片,3467
银杏叶胶囊,3468
银杏叶软胶囊,3469
银杏叶酊,3470
银杏叶颗粒,3471
银杏达莫,3472
银杏酮酯,3473
银杏酮酯滴丸,3474
银杏酮酯片,3475
银柴颗粒,3476
银盏心脉滴丸,3477
银翘解毒丸,3478
银翘解毒口服液,3479
银翘解毒软胶囊,3480
银翘解毒颗粒,3481
银胡感冒散,3482
银芩胶囊,3483
银花泌炎灵,3484
银花泌炎灵片,3485
银蒲解毒片,3486
银蜜片,3487
银黄口服液,3488
银黄含化片,3489
银黄含片,3490
银黄注射液,3491
银黄清肺胶囊,3492
银黄滴丸,3493
银黄胶囊,3494
银黄颗粒,3495
链霉素,3496
锁阳补肾胶囊,3497
锡类散,3498
锯叶棕果实提取物软胶囊,3499
镁加铝（氢氧化镁铝，水化铝酸镁）,3500
镇咳宁胶囊,3501
镇咳糖浆,3502
镇痛活络酊,3503
镇痛药,3504
镇脑宁胶囊,3505
长春地辛(去乙酰长春酰胺),3506
长春新碱,3507
长春瑞滨（去甲脱水长春碱）,3508
长春红药片,3509
长春红药胶囊,3510
长春胺（长春蔓胺，长春花碱）,3511
长春西丁（长春西汀，长春乙酯）,3512
门冬酰胺酶,3513
间苯三酚,3514
间苯二酚,3515
防参止痒颗粒,3516
防芷鼻炎片,3517
防风通圣丸,3518
防风通圣颗粒,3519
阴痒康洗剂,3520
阴虚胃痛胶囊,3521
阿娜尔妇洁液,3522
阿尔维林复方,3523
阿归养血糖浆,3524
阿归养血胶囊,3525
阿归养血颗粒,3526
阿戈美拉汀,3527
阿托品,3528
阿拉坦五味丸,3529
阿昔洛韦（无环鸟苷）,3530
阿普唑仑（安宁甲，佳乐定，甲基三唑安定）,3531
阿曲库铵,3532
阿替卡因，复方,3533
阿替普酶,3534
阿柔比星,3535
阿桔片,3536
阿比特龙,3537
阿法替尼,3538
阿片,3539
阿米卡星,3540
阿糖胞苷,3541
阿糖胞苷（爱力生，阿糖胞嘧啶）,3542
阿糖腺苷,3543
阿胶,3544
阿胶口服液,3545
阿胶当归胶囊,3546
阿胶生化膏,3547
阿胶益寿口服液,3548
阿胶胶囊,3549
阿胶补血膏,3550
阿胶颗粒,3551
阿胶黄芪口服液,3552
阿莫罗芬,3553
阿西美辛（醋炎痛，乙酰消炎痛，醋酸消炎痛）,3554
阿达帕林,3555
附子理中丸,3556
附桂骨痛,3557
附桂骨痛胶囊,3558
附桂骨痛颗粒,3559
附马开痹片,3560
陇马陆胃药片,3561
陈香露白露片,3562
降压片,3563
降糖胶囊,3564
降脂宁颗粒,3565
降脂灵片,3566
降脂灵胶囊,3567
降脂通脉胶囊,3568
降酶灵胶囊,3569
除湿止痒洗液,3570
除湿止痒软膏,3571
除疤膏,3572
除翳明目片,3573
除脂生发片,3574
除障则海甫片,3575
障眼明,3576
障眼明片,3577
障眼明胶囊,3578
障翳散,3579
雌三醇,3580
雌莫司汀,3581
雪上一枝蒿速效止痛搽剂,3582
雪上花搽剂,3583
雪山胃宝胶囊,3584
雪山金罗汉止痛涂膜剂,3585
雪梨膏,3586
雪胆素胶囊,3587
雪莲口服液,3588
雪莲注射液,3589
雷丸,3590
雷公藤,3591
雷公藤多甙片,3592
雷公藤多苷片,3593
雷公藤片,3594
雷替曲塞,3595
霍香正气,3596
霍香正气丸,3597
青叶胆胶囊,3598
青果片,3599
青果颗粒,3600
青柏洁身洗液,3601
青霉素,3602
青鹏软膏,3603
静心口服液,3604
静注乙型肝炎人免疫球蛋白(pH4),3605
静灵口服液,3606
非经肠营养液,3607
顺铂（顺氯氨铂）,3608
顺阿曲库铵,3609
颈复康颗粒,3610
颈康胶囊,3611
颈痛灵,3612
颈痛灵药酒,3613
颈痛颗粒,3614
颈腰康胶囊,3615
颈舒颗粒,3616
颠茄,3617
颠茄口腔崩解片,3618
颠茄片,3619
颠茄生物碱，叔胺类,3620
颠茄酊,3621
风寒咳嗽颗粒,3622
风油精,3623
风湿关节炎片,3624
风湿圣药,3625
风湿安泰,3626
风湿液,3627
风湿灵胶囊,3628
风湿祛痛胶囊,3629
风湿马钱片,3630
风湿骨康片,3631
风湿骨痛,3632
风湿骨痛片,3633
风湿骨痛胶囊,3634
风热清口服液,3635
风疹疫苗,3636
风痛安胶囊,3637
风痛灵,3638
飞扬肠胃炎片,3639
食积口服液,3640
首乌延寿片,3641
首乌片,3642
首明山胶囊,3643
香丹注射液,3644
香砂六君丸(浓缩丸),3645
香砂养胃丸,3646
香砂养胃丸(浓缩丸),3647
香砂养胃片,3648
香砂养胃胶囊,3649
香砂养胃颗粒,3650
香砂和胃丸,3651
香砂平胃颗粒,3652
香芍颗粒,3653
香药胃安胶囊,3654
香菊片,3655
香菊胶囊,3656
香连片,3657
馥感啉口服液,3658
马应龙麝香痔疮膏,3659
马普替林,3660
马栗种子提取物片,3661
驱白巴布期片,3662
驱虫斑鸠菊注射液,3663
驴胶补血颗粒,3664
骨仙,3665
骨仙片,3666
骨刺丸,3667
骨刺宁片,3668
骨刺平片,3669
骨刺消痛液,3670
骨刺消痛胶囊,3671
骨刺片,3672
骨刺胶囊,3673
骨力胶囊,3674
骨化三醇,3675
骨增消片,3676
骨增消胶囊,3677
骨康胶囊,3678
骨愈灵胶囊,3679
骨折挫伤,3680
骨折挫伤胶囊,3681
骨松宝胶囊,3682
骨松宝颗粒,3683
骨瓜提取物,3684
骨疏康胶囊,3685
骨疏康颗粒,3686
骨痛灵酊,3687
骨筋丸片,3688
骨筋丸胶囊,3689
骨质宁搽剂,3690
骨通贴膏,3691
骨龙胶囊,3692
高三尖杉酯碱,3693
高锰酸钾,3694
鬼臼毒素,3695
鱼精蛋白,3696
鱼腥草注射液,3697
鱼腥草滴眼液,3698
鱼腥草芩蓝合剂,3699
鱼金注射液,3700
鲜益母草胶囊,3701
鳖甲消痔胶囊,3702
鳖甲煎丸,3703
鳖甲胶,3704
鸡矢藤注射液,3705
鸡血藤片,3706
鸡骨草片,3707
鸡骨草肝炎颗粒,3708
鸦胆子油,3709
鸦胆子油乳注射液,3710
鸦胆子油口服乳液,3711
鸦胆子油软胶囊,3712
鸿茅药酒,3713
鹤蟾片,3714
鹿川活络胶囊,3715
鹿瓜多肽,3716
鹿胎膏,3717
鹿胎颗粒,3718
鹿茸精注射液,3719
鹿角胶颗粒,3720
麒麟丸,3721
麝珠明目滴眼液,3722
麝香保心丸,3723
麝香壮骨膏,3724
麝香心痛宁片,3725
麝香心脑乐胶囊,3726
麝香心脑通胶囊,3727
麝香接骨胶囊,3728
麝香止痛贴膏,3729
麝香祛痛搽剂,3730
麝香祛风湿膏,3731
麝香舒活灵,3732
麝香舒活精,3733
麝香跌打风湿膏,3734
麝香追风止痛膏,3735
麝香追风膏,3736
麝香通心滴丸,3737
麦味地黄丸,3738
麦当乳通颗粒,3739
麦神开胃口服液,3740
麦芪降糖丸,3741
麻仁丸,3742
麻仁润肠丸,3743
麻仁滋脾丸,3744
麻仁胶囊,3745
麻仁软胶囊,3746
麻杏止咳片,3747
麻疹疫苗,3748
麻疹疫苗，与腮腺炎疫苗和风疹疫苗的复方，减弱活性,3749
麻疹疫苗，与腮腺炎疫苗的复方，减弱活性,3750
麻疹疫苗，与风疹疫苗的复方，减弱活性,3751
麻疹疫苗，减弱活性,3752
麻芩止咳糖浆,3753
麻醉药,3754
麻黄止嗽胶囊,3755
麻黄碱,3756
麻黄碱复方,3757
麻黄碱，复方,3758
黄杨宁,3759
黄杨宁分散片,3760
黄杨宁片,3761
黄柏,3762
黄柏八味片,3763
黄柏片,3764
黄柏胶囊,3765
黄栀花口服液,3766
黄根片,3767
黄氏响声丸,3768
黄瑞香注射液,3769
黄疸茵陈颗粒,3770
黄精赞育胶囊,3771
黄芩胶囊,3772
黄芩茎叶解毒,3773
黄芪,3774
黄芪多糖,3775
黄芪片,3776
黄芪精,3777
黄芪精颗粒,3778
黄芪颗粒,3779
黄苦洗液,3780
黄英咳喘糖浆,3781
黄葵胶囊,3782
黄蒲洁肤洗剂,3783
黄藤素片,3784
黄藤素阴道凝胶,3785
黄连,3786
黄连上清,3787
黄连上清丸,3788
黄连上清片,3789
黄连上清胶囊,3790
黄连上清颗粒,3791
黄连羊肝丸,3792
黄连胶囊,3793
黄龙咳喘胶囊,3794
黄龙止咳颗粒,3795
黑豆馏油,3796
黑鬼油,3797
鼻咽清毒剂,3798
鼻咽清毒颗粒,3799
鼻咽灵,3800
鼻康片,3801
鼻渊丸,3802
鼻渊片,3803
鼻渊糖浆,3804
鼻渊胶囊,3805
鼻渊舒口服液,3806
鼻渊舒胶囊,3807
鼻渊软胶囊,3808
鼻炎宁冲剂,3809
鼻炎康,3810
鼻炎康片,3811
鼻炎滴剂,3812
鼻炎灵片,3813
鼻炎片,3814
鼻窦炎口服液,3815
鼻舒适,3816
鼻通滴鼻剂,3817
齿痛消炎灵,3818
龙丹通络胶囊,3819
龙心素胶囊,3820
龙掌口含液,3821
龙灯胶囊,3822
龙牡壮骨颗粒,3823
龙珠软膏,3824
龙生蛭胶囊,3825
龙胆泻肝,3826
龙胆泻肝丸,3827
龙胆泻肝片,3828
龙胆泻肝胶囊,3829
龙芪溶栓胶囊,3830
龙血竭,3831
龙血竭含片,3832
龙血竭散,3833
龙血竭片,3834
龙血竭胶囊,3835
龙首颗粒,3836
龙香平喘胶囊,3837
龙鹿胶囊,3838
龟甲养阴片,3839
龟甲胶,3840
龟甲胶颗粒,3841
龟苓膏,3842
龟鹿补肾丸,3843
龟鹿补肾口服液,3844
龟龄集,3845
